read_A_0	16	Ysat	238	36	1=1X1=1X12=1X2=1I	*	0	0	TCGCTCGCCGTTACTAGGGG	::6AIIIFFFFFDDDDD@@@	NH:i:1	HI:i:1	IH:i:1	NM:i:4
read_A_1	16	Ysat	238	36	1=1X1=1X12=1X2=1I1=	*	0	0	TCGCTCGCCGTTACTAGGGGA	ADAAIIIIHHHHHDDDDD@@@	NH:i:1	HI:i:1	IH:i:1	NM:i:4
read_A_2	16	Ysat	238	36	1=1X1=1X12=1X2=1I1=	*	0	0	TCGCTCGCCGTTACTAGGGGA	ADAAIIIIHHHHHDDDDD@@@	NH:i:1	HI:i:1	IH:i:1	NM:i:4
read_A_3	16	Ysat	238	36	1=1X1=1X12=1X2=1I1=	*	0	0	TCGCTCGCCGTTACTAGGGGA	ADAAIIIIHHHHHDDDDD@@@	NH:i:1	HI:i:1	IH:i:1	NM:i:4
read_A_4	16	Ysat	238	36	1=1X1=1X12=1X2=1I1=	*	0	0	TCGCTCGCCGTTACTAGGGGA	ADAAIIIIHHHHHDDDDD@@@	NH:i:1	HI:i:1	IH:i:1	NM:i:4
read_A_5	16	Ysat	238	36	1=1X1=1X12=1X2=1I1=	*	0	0	TCGCTCGCCGTTACTAGGGGA	ADAAIIIIHHHHHDDDDD@@@	NH:i:1	HI:i:1	IH:i:1	NM:i:4
read_A_6	16	Ysat	238	36	1=1X1=1X12=1X2=1I1=	*	0	0	TCGCTCGCCGTTACTAGGGGA	ADAAIIIIHHHHHDDDDD@@@	NH:i:1	HI:i:1	IH:i:1	NM:i:4
read_A_7	16	Ysat	238	36	1=1X1=1X12=1X2=1I1=	*	0	0	TCGCTCGCCGTTACTAGGGGA	ADAAIIIIHHHHHDDDDD@@@	NH:i:1	HI:i:1	IH:i:1	NM:i:4
read_A_8	16	Ysat	129	36	11=2I2=1X1=1X3=	*	0	0	GGTGTTCCGTCCGTGTTCCCC	?CD@7E?@@DDFBDDDAD@@=	NH:i:1	HI:i:1	IH:i:1	NM:i:4
read_A_9	16	Ysat	129	36	11=2I2=1X1=1X3=	*	0	0	GGTGTTCCGTCCGTGTTCCCC	?CD@7E?@@DDFBDDDAD@@=	NH:i:1	HI:i:1	IH:i:1	NM:i:4
read_A_10	0	Ysat	171	36	1X6=1I6=2I4=	*	0	0	AGTGACTGTTTTCACGGCTC	@@@DDDDDFFFFFIIIIIII	NH:i:1	HI:i:1	IH:i:1	NM:i:4
read_A_11	0	Ysat	171	36	5=1X1=1I6=2I4=	*	0	0	GGTGATTGTTTTCACGGCTC	<@:BDBDDDFF><C4ACE6C	NH:i:1	HI:i:1	IH:i:1	NM:i:4
read_A_12	0	Ysat	167	36	3=1I6=1D4=1X1=1X4=	*	0	0	AAGAGGGTGATTTTACGGCTC	@@@DDDDDFFFFFIIIIIIII	NH:i:1	HI:i:1	IH:i:1	NM:i:4
read_A_13	16	Ysat	239	36	1X1=1X12=1X1I3=	*	0	0	CGCTCGCCGTTACTAGGGGA	@?)D<AADDADADDDDD???	NH:i:1	HI:i:1	IH:i:1	NM:i:4
read_A_14	0	Ysat	101	36	1=2I1=1X7=1I7=	*	0	0	ACCTGTCGGACTAGGAGGCG	1+1=ADDDDDDDDEEEEE1E	NH:i:1	HI:i:1	IH:i:1	NM:i:4
read_A_15	256	D10037_T73	45	0	8=1I1=1X2=1X1=1I4=	*	0	0	AGGATCCAATGACACCGGCG	@@?ADBDAF<FB<EAGFEBF	NH:i:2	HI:i:2	IH:i:2	NM:i:4
read_A_15	0	Ysat	45	0	8=1I1=1X2=1X1=1I4=	*	0	0	AGGATCCAATGACACCGGCG	@@?ADBDAF<FB<EAGFEBF	NH:i:2	HI:i:1	IH:i:2	NM:i:4
read_A_16	0	D10037_T73	235	0	1=1X10=1X2=1I1=1X4=	*	0	0	AGACTCTGTTAGCTGCGGATCG	@<@DD?DB?CBFF<FDFF:EGI	NH:i:2	HI:i:1	IH:i:2	NM:i:4
read_A_16	256	Ysat	269	0	1=1X10=1X2=1I1=1X4=	*	0	0	AGACTCTGTTAGCTGCGGATCG	@<@DD?DB?CBFF<FDFF:EGI	NH:i:2	HI:i:2	IH:i:2	NM:i:4
read_A_17	16	D10037_T73	54	36	1=1I1X6=1X3=1I6=	*	0	0	CCTCTCGGCAGTGATGGGTT	DIEAEE@<C<<BB?A1:;?;	NH:i:1	HI:i:1	IH:i:1	NM:i:4
read_A_18	0	Ysat	100	36	1=1X1=1X7=1I2=1I6=	*	0	0	TGTGTCGGACTCGGCAGGCGG	???DDDDD:DDDDIID:E:8@	NH:i:1	HI:i:1	IH:i:1	NM:i:4
read_A_19	0	Ysat	101	36	1=1X1=1X1=1I7=1I7=	*	0	0	AGCCCAGGACTGGCAGGCGGG	@@@DDDDDFFFBBFFGE1:FG	NH:i:1	HI:i:1	IH:i:1	NM:i:4
read_A_20	0	Ysat	264	36	4=1I4=1X1=1D7=1X2=	*	0	0	AAGAGAACAGTTGTTAGGGGG	???DDA:=2CDDDACEII+3@	NH:i:1	HI:i:1	IH:i:1	NM:i:4
read_A_21	0	D10037_T73	95	36	2=1I5=1D1=1X3=1X6=	*	0	0	GTGCGACGAGCTCTGACTGG	?;?DA6ADDD@D9CA<<C<C	NH:i:1	HI:i:1	IH:i:1	NM:i:4
read_A_22	0	D10037_T73	93	36	4=1D1=1X7=1I3=1D4=	*	0	0	GAGTGTCGCACCTACGGCTGG	+:?AD=?=+<8@;:AEE:@E@	NH:i:1	HI:i:1	IH:i:1	NM:i:4
read_A_23	256	D10037_T73	50	0	2=1I3=1I6=1D2=1X4=	*	0	0	CCGATCGACTCGGGGCGTGG	@@@DDDDDFFFFFIIIIHFI	NH:i:2	HI:i:2	IH:i:2	NM:i:4
read_A_24	256	D10037_T73	50	0	2=1I3=1I6=1D2=1X4=	*	0	0	CCGATCGACTCGGGGCGTGG	@@@DDDDDFFFFFIIIIHFI	NH:i:2	HI:i:2	IH:i:2	NM:i:4
read_A_25	256	D10037_T73	50	0	2=1I3=1I6=1D2=1X4=	*	0	0	CCGATCGACTCGGGGCGTGG	@@@DDDDDFFFFFIIIIHFI	NH:i:2	HI:i:2	IH:i:2	NM:i:4
read_A_26	256	D10037_T73	50	0	2=1I3=1I6=1D2=1X4=	*	0	0	CCGATCGACTCGGGGCGTGG	@@@DDDDDFFFFFIIIIHFI	NH:i:2	HI:i:2	IH:i:2	NM:i:4
read_A_27	256	D10037_T73	50	0	2=1I3=1I6=1D2=1X4=	*	0	0	CCGATCGACTCGGGGCGTGG	@@@DDDDDFFFFFIIIIHFI	NH:i:2	HI:i:2	IH:i:2	NM:i:4
read_A_28	256	D10037_T73	50	0	2=1I3=1I6=1D2=1X4=	*	0	0	CCGATCGACTCGGGGCGTGG	@@@DDDDDFFFFFIIIIHFI	NH:i:2	HI:i:2	IH:i:2	NM:i:4
read_A_29	256	D10037_T73	50	0	2=1I3=1I6=1D2=1X4=	*	0	0	CCGATCGACTCGGGGCGTGG	@@@DDDDDFFFFFIIIIHFI	NH:i:2	HI:i:2	IH:i:2	NM:i:4
read_A_30	256	D10037_T73	50	0	2=1I3=1I6=1D2=1X4=	*	0	0	CCGATCGACTCGGGGCGTGG	@@@DDDDDFFFFFIIIIHFI	NH:i:2	HI:i:2	IH:i:2	NM:i:4
read_A_31	256	D10037_T73	50	0	2=1I3=1I6=1D2=1X4=	*	0	0	CCGATCGACTCGGGGCGTGG	@@@DDDDDFFFFFIIIIHFI	NH:i:2	HI:i:2	IH:i:2	NM:i:4
read_A_32	256	D10037_T73	50	0	2=1I3=1I6=1D2=1X4=	*	0	0	CCGATCGACTCGGGGCGTGG	@@@DDDDDFFFFFIIIIHFI	NH:i:2	HI:i:2	IH:i:2	NM:i:4
read_A_33	256	D10037_T73	50	0	2=1I3=1I6=1D2=1X4=	*	0	0	CCGATCGACTCGGGGCGTGG	@@@DDDDDFFFFFIIIIHFI	NH:i:2	HI:i:2	IH:i:2	NM:i:4
read_A_34	256	D10037_T73	50	0	2=1I3=1I6=1D2=1X4=	*	0	0	CCGATCGACTCGGGGCGTGG	@@@DDDDDFFFFFIIIIHFI	NH:i:2	HI:i:2	IH:i:2	NM:i:4
read_A_35	256	D10037_T73	50	0	2=1I3=1I6=1D2=1X4=	*	0	0	CCGATCGACTCGGGGCGTGG	@@@DDDDDFFFFFIIIIHFI	NH:i:2	HI:i:2	IH:i:2	NM:i:4
read_A_36	256	D10037_T73	50	0	2=1I3=1I6=1D2=1X4=	*	0	0	CCGATCGACTCGGGGCGTGG	@@@DDDDDFFFFFIIIIHFI	NH:i:2	HI:i:2	IH:i:2	NM:i:4
read_A_37	256	D10037_T73	50	0	2=1I3=1I6=1D2=1X4=	*	0	0	CCGATCGACTCGGGGCGTGG	@@@DDDDDFFFFFIIIIHFI	NH:i:2	HI:i:2	IH:i:2	NM:i:4
read_A_38	256	D10037_T73	50	0	2=1I3=1I6=1D2=1X4=	*	0	0	CCGATCGACTCGGGGCGTGG	@@@DDDDDFFFFFIIIIHFI	NH:i:2	HI:i:2	IH:i:2	NM:i:4
read_A_39	256	D10037_T73	50	0	2=1I3=1I6=1D2=1X4=	*	0	0	CCGATCGACTCGGGGCGTGG	@@@DDDDDFFFFFIIIIHFI	NH:i:2	HI:i:2	IH:i:2	NM:i:4
read_A_40	256	D10037_T73	50	0	2=1I3=1I6=1D2=1X4=	*	0	0	CCGATCGACTCGGGGCGTGG	@@@DDDDDFFFFFIIIIHFI	NH:i:2	HI:i:2	IH:i:2	NM:i:4
read_A_41	256	D10037_T73	50	0	2=1I3=1I6=1D2=1X4=	*	0	0	CCGATCGACTCGGGGCGTGG	@@@DDDDDFFFFFIIIIHFI	NH:i:2	HI:i:2	IH:i:2	NM:i:4
read_A_42	256	D10037_T73	50	0	2=1I3=1I6=1D2=1X4=	*	0	0	CCGATCGACTCGGGGCGTGG	@@@DDDDDFFFFFIIIIHFI	NH:i:2	HI:i:2	IH:i:2	NM:i:4
read_A_43	256	D10037_T73	50	0	2=1I3=1I6=1D2=1X4=	*	0	0	CCGATCGACTCGGGGCGTGG	@@@DDDDDFFFFFIIIIHFI	NH:i:2	HI:i:2	IH:i:2	NM:i:4
read_A_44	256	D10037_T73	50	0	2=1I3=1I6=1D2=1X4=	*	0	0	CCGATCGACTCGGGGCGTGG	@@@DDDDDFFFFFIIIIHFI	NH:i:2	HI:i:2	IH:i:2	NM:i:4
read_A_45	256	D10037_T73	50	0	2=1I3=1I6=1D2=1X4=	*	0	0	CCGATCGACTCGGGGCGTGG	@@@DDDDDFFFFFIIIIHFI	NH:i:2	HI:i:2	IH:i:2	NM:i:4
read_A_46	256	D10037_T73	50	0	2=1I3=1I6=1D2=1X4=	*	0	0	CCGATCGACTCGGGGCGTGG	@@@DDDDDFFFFFIIIIHFI	NH:i:2	HI:i:2	IH:i:2	NM:i:4
read_A_47	256	D10037_T73	50	0	2=1I3=1I6=1D2=1X4=	*	0	0	CCGATCGACTCGGGGCGTGG	@@@DDDDDFFFFFIIIIHFI	NH:i:2	HI:i:2	IH:i:2	NM:i:4
read_A_48	256	D10037_T73	50	0	2=1I3=1I6=1D2=1X4=	*	0	0	CCGATCGACTCGGGGCGTGG	@@@DDDDDFFFFFIIIIHFI	NH:i:2	HI:i:2	IH:i:2	NM:i:4
read_A_49	256	D10037_T73	50	0	2=1I3=1I6=1D2=1X4=	*	0	0	CCGATCGACTCGGGGCGTGG	@@@DDDDDFFFFFIIIIHFI	NH:i:2	HI:i:2	IH:i:2	NM:i:4
read_A_50	256	D10037_T73	50	0	2=1I3=1I6=1D2=1X4=	*	0	0	CCGATCGACTCGGGGCGTGG	@@@DDDDDFFFFFIIIIHFI	NH:i:2	HI:i:2	IH:i:2	NM:i:4
read_A_51	256	D10037_T73	50	0	2=1I3=1I6=1D2=1X4=	*	0	0	CCGATCGACTCGGGGCGTGG	@@@DDDDDFFFFFIIIIHFI	NH:i:2	HI:i:2	IH:i:2	NM:i:4
read_A_52	256	D10037_T73	50	0	2=1I3=1I6=1D2=1X4=	*	0	0	CCGATCGACTCGGGGCGTGG	@@@DDDDDFFFFFIIIIHFI	NH:i:2	HI:i:2	IH:i:2	NM:i:4
read_A_53	256	D10037_T73	50	0	2=1I3=1I6=1D2=1X4=	*	0	0	CCGATCGACTCGGGGCGTGG	@@@DDDDDFFFFFIIIIHFI	NH:i:2	HI:i:2	IH:i:2	NM:i:4
read_A_54	256	D10037_T73	50	0	2=1I3=1I6=1D2=1X4=	*	0	0	CCGATCGACTCGGGGCGTGG	@@@DDDDDFFFFFIIIIHFI	NH:i:2	HI:i:2	IH:i:2	NM:i:4
read_A_55	256	D10037_T73	50	0	2=1I3=1I6=1D2=1X4=	*	0	0	CCGATCGACTCGGGGCGTGG	@@@DDDDDFFFFFIIIIHFI	NH:i:2	HI:i:2	IH:i:2	NM:i:4
read_A_56	256	D10037_T73	50	0	2=1I3=1I6=1D2=1X4=	*	0	0	CCGATCGACTCGGGGCGTGG	@@@DDDDDFFFFFIIIIHFI	NH:i:2	HI:i:2	IH:i:2	NM:i:4
read_A_57	256	D10037_T73	50	0	2=1I3=1I6=1D2=1X4=	*	0	0	CCGATCGACTCGGGGCGTGG	@@@DDDDDFFFFFIIIIHFI	NH:i:2	HI:i:2	IH:i:2	NM:i:4
read_A_58	256	D10037_T73	50	0	2=1I3=1I6=1D2=1X4=	*	0	0	CCGATCGACTCGGGGCGTGG	@@@DDDDDFFFFFIIIIHFI	NH:i:2	HI:i:2	IH:i:2	NM:i:4
read_A_59	256	D10037_T73	50	0	2=1I3=1I6=1D2=1X4=	*	0	0	CCGATCGACTCGGGGCGTGG	@@@DDDDDFFFFFIIIIHFI	NH:i:2	HI:i:2	IH:i:2	NM:i:4
read_A_23	0	Ysat	50	0	2=1I3=1I6=1D2=1X4=	*	0	0	CCGATCGACTCGGGGCGTGG	@@@DDDDDFFFFFIIIIHFI	NH:i:2	HI:i:1	IH:i:2	NM:i:4
read_A_24	0	Ysat	50	0	2=1I3=1I6=1D2=1X4=	*	0	0	CCGATCGACTCGGGGCGTGG	@@@DDDDDFFFFFIIIIHFI	NH:i:2	HI:i:1	IH:i:2	NM:i:4
read_A_25	0	Ysat	50	0	2=1I3=1I6=1D2=1X4=	*	0	0	CCGATCGACTCGGGGCGTGG	@@@DDDDDFFFFFIIIIHFI	NH:i:2	HI:i:1	IH:i:2	NM:i:4
read_A_26	0	Ysat	50	0	2=1I3=1I6=1D2=1X4=	*	0	0	CCGATCGACTCGGGGCGTGG	@@@DDDDDFFFFFIIIIHFI	NH:i:2	HI:i:1	IH:i:2	NM:i:4
read_A_27	0	Ysat	50	0	2=1I3=1I6=1D2=1X4=	*	0	0	CCGATCGACTCGGGGCGTGG	@@@DDDDDFFFFFIIIIHFI	NH:i:2	HI:i:1	IH:i:2	NM:i:4
read_A_28	0	Ysat	50	0	2=1I3=1I6=1D2=1X4=	*	0	0	CCGATCGACTCGGGGCGTGG	@@@DDDDDFFFFFIIIIHFI	NH:i:2	HI:i:1	IH:i:2	NM:i:4
read_A_29	0	Ysat	50	0	2=1I3=1I6=1D2=1X4=	*	0	0	CCGATCGACTCGGGGCGTGG	@@@DDDDDFFFFFIIIIHFI	NH:i:2	HI:i:1	IH:i:2	NM:i:4
read_A_30	0	Ysat	50	0	2=1I3=1I6=1D2=1X4=	*	0	0	CCGATCGACTCGGGGCGTGG	@@@DDDDDFFFFFIIIIHFI	NH:i:2	HI:i:1	IH:i:2	NM:i:4
read_A_31	0	Ysat	50	0	2=1I3=1I6=1D2=1X4=	*	0	0	CCGATCGACTCGGGGCGTGG	@@@DDDDDFFFFFIIIIHFI	NH:i:2	HI:i:1	IH:i:2	NM:i:4
read_A_32	0	Ysat	50	0	2=1I3=1I6=1D2=1X4=	*	0	0	CCGATCGACTCGGGGCGTGG	@@@DDDDDFFFFFIIIIHFI	NH:i:2	HI:i:1	IH:i:2	NM:i:4
read_A_33	0	Ysat	50	0	2=1I3=1I6=1D2=1X4=	*	0	0	CCGATCGACTCGGGGCGTGG	@@@DDDDDFFFFFIIIIHFI	NH:i:2	HI:i:1	IH:i:2	NM:i:4
read_A_34	0	Ysat	50	0	2=1I3=1I6=1D2=1X4=	*	0	0	CCGATCGACTCGGGGCGTGG	@@@DDDDDFFFFFIIIIHFI	NH:i:2	HI:i:1	IH:i:2	NM:i:4
read_A_35	0	Ysat	50	0	2=1I3=1I6=1D2=1X4=	*	0	0	CCGATCGACTCGGGGCGTGG	@@@DDDDDFFFFFIIIIHFI	NH:i:2	HI:i:1	IH:i:2	NM:i:4
read_A_36	0	Ysat	50	0	2=1I3=1I6=1D2=1X4=	*	0	0	CCGATCGACTCGGGGCGTGG	@@@DDDDDFFFFFIIIIHFI	NH:i:2	HI:i:1	IH:i:2	NM:i:4
read_A_37	0	Ysat	50	0	2=1I3=1I6=1D2=1X4=	*	0	0	CCGATCGACTCGGGGCGTGG	@@@DDDDDFFFFFIIIIHFI	NH:i:2	HI:i:1	IH:i:2	NM:i:4
read_A_38	0	Ysat	50	0	2=1I3=1I6=1D2=1X4=	*	0	0	CCGATCGACTCGGGGCGTGG	@@@DDDDDFFFFFIIIIHFI	NH:i:2	HI:i:1	IH:i:2	NM:i:4
read_A_39	0	Ysat	50	0	2=1I3=1I6=1D2=1X4=	*	0	0	CCGATCGACTCGGGGCGTGG	@@@DDDDDFFFFFIIIIHFI	NH:i:2	HI:i:1	IH:i:2	NM:i:4
read_A_40	0	Ysat	50	0	2=1I3=1I6=1D2=1X4=	*	0	0	CCGATCGACTCGGGGCGTGG	@@@DDDDDFFFFFIIIIHFI	NH:i:2	HI:i:1	IH:i:2	NM:i:4
read_A_41	0	Ysat	50	0	2=1I3=1I6=1D2=1X4=	*	0	0	CCGATCGACTCGGGGCGTGG	@@@DDDDDFFFFFIIIIHFI	NH:i:2	HI:i:1	IH:i:2	NM:i:4
read_A_42	0	Ysat	50	0	2=1I3=1I6=1D2=1X4=	*	0	0	CCGATCGACTCGGGGCGTGG	@@@DDDDDFFFFFIIIIHFI	NH:i:2	HI:i:1	IH:i:2	NM:i:4
read_A_43	0	Ysat	50	0	2=1I3=1I6=1D2=1X4=	*	0	0	CCGATCGACTCGGGGCGTGG	@@@DDDDDFFFFFIIIIHFI	NH:i:2	HI:i:1	IH:i:2	NM:i:4
read_A_44	0	Ysat	50	0	2=1I3=1I6=1D2=1X4=	*	0	0	CCGATCGACTCGGGGCGTGG	@@@DDDDDFFFFFIIIIHFI	NH:i:2	HI:i:1	IH:i:2	NM:i:4
read_A_45	0	Ysat	50	0	2=1I3=1I6=1D2=1X4=	*	0	0	CCGATCGACTCGGGGCGTGG	@@@DDDDDFFFFFIIIIHFI	NH:i:2	HI:i:1	IH:i:2	NM:i:4
read_A_46	0	Ysat	50	0	2=1I3=1I6=1D2=1X4=	*	0	0	CCGATCGACTCGGGGCGTGG	@@@DDDDDFFFFFIIIIHFI	NH:i:2	HI:i:1	IH:i:2	NM:i:4
read_A_47	0	Ysat	50	0	2=1I3=1I6=1D2=1X4=	*	0	0	CCGATCGACTCGGGGCGTGG	@@@DDDDDFFFFFIIIIHFI	NH:i:2	HI:i:1	IH:i:2	NM:i:4
read_A_48	0	Ysat	50	0	2=1I3=1I6=1D2=1X4=	*	0	0	CCGATCGACTCGGGGCGTGG	@@@DDDDDFFFFFIIIIHFI	NH:i:2	HI:i:1	IH:i:2	NM:i:4
read_A_49	0	Ysat	50	0	2=1I3=1I6=1D2=1X4=	*	0	0	CCGATCGACTCGGGGCGTGG	@@@DDDDDFFFFFIIIIHFI	NH:i:2	HI:i:1	IH:i:2	NM:i:4
read_A_50	0	Ysat	50	0	2=1I3=1I6=1D2=1X4=	*	0	0	CCGATCGACTCGGGGCGTGG	@@@DDDDDFFFFFIIIIHFI	NH:i:2	HI:i:1	IH:i:2	NM:i:4
read_A_51	0	Ysat	50	0	2=1I3=1I6=1D2=1X4=	*	0	0	CCGATCGACTCGGGGCGTGG	@@@DDDDDFFFFFIIIIHFI	NH:i:2	HI:i:1	IH:i:2	NM:i:4
read_A_52	0	Ysat	50	0	2=1I3=1I6=1D2=1X4=	*	0	0	CCGATCGACTCGGGGCGTGG	@@@DDDDDFFFFFIIIIHFI	NH:i:2	HI:i:1	IH:i:2	NM:i:4
read_A_53	0	Ysat	50	0	2=1I3=1I6=1D2=1X4=	*	0	0	CCGATCGACTCGGGGCGTGG	@@@DDDDDFFFFFIIIIHFI	NH:i:2	HI:i:1	IH:i:2	NM:i:4
read_A_54	0	Ysat	50	0	2=1I3=1I6=1D2=1X4=	*	0	0	CCGATCGACTCGGGGCGTGG	@@@DDDDDFFFFFIIIIHFI	NH:i:2	HI:i:1	IH:i:2	NM:i:4
read_A_55	0	Ysat	50	0	2=1I3=1I6=1D2=1X4=	*	0	0	CCGATCGACTCGGGGCGTGG	@@@DDDDDFFFFFIIIIHFI	NH:i:2	HI:i:1	IH:i:2	NM:i:4
read_A_56	0	Ysat	50	0	2=1I3=1I6=1D2=1X4=	*	0	0	CCGATCGACTCGGGGCGTGG	@@@DDDDDFFFFFIIIIHFI	NH:i:2	HI:i:1	IH:i:2	NM:i:4
read_A_57	0	Ysat	50	0	2=1I3=1I6=1D2=1X4=	*	0	0	CCGATCGACTCGGGGCGTGG	@@@DDDDDFFFFFIIIIHFI	NH:i:2	HI:i:1	IH:i:2	NM:i:4
read_A_58	0	Ysat	50	0	2=1I3=1I6=1D2=1X4=	*	0	0	CCGATCGACTCGGGGCGTGG	@@@DDDDDFFFFFIIIIHFI	NH:i:2	HI:i:1	IH:i:2	NM:i:4
read_A_59	0	Ysat	50	0	2=1I3=1I6=1D2=1X4=	*	0	0	CCGATCGACTCGGGGCGTGG	@@@DDDDDFFFFFIIIIHFI	NH:i:2	HI:i:1	IH:i:2	NM:i:4
read_A_60	0	Ysat	104	36	1=1I4=1I2=1D8=1X2=	*	0	0	TGCGGACCTGAGGCGGGCTG	???DDADDDDDDDIADAD6;	NH:i:1	HI:i:1	IH:i:1	NM:i:4
read_A_61	272	D10037_T73	164	0	1=1I1=1I7=1I5=1I2=	*	0	0	AGTATTGAGCCGCCCGCCTC	A?3D?7/:/A??DD>DD;??	NH:i:2	HI:i:2	IH:i:2	NM:i:4
read_A_61	16	Ysat	198	0	1=1I1=1I7=1I5=1I2=	*	0	0	AGTATTGAGCCGCCCGCCTC	A?3D?7/:/A??DD>DD;??	NH:i:2	HI:i:1	IH:i:2	NM:i:4
read_A_62	0	D10037_T73	265	36	3=2I4=2I9=	*	0	0	CACGAGCAGTAGGAGAGGCT	==:D?@@@B<<C<?F;C;F?	NH:i:1	HI:i:1	IH:i:1	NM:i:4
read_A_63	0	D10037_T73	259	36	3=1X2=1X2=1I2=1D10=	*	0	0	ATGTCGAACTGCGGGAGAGGCT	??8=ABDBCBD?@:EAE?ED;D	NH:i:1	HI:i:1	IH:i:1	NM:i:4
read_A_64	0	D10037_T73	235	37	12=1X2=1I1=1X5=	*	0	0	AAACTCTGTTAGCTGCGGATCGT	==@DBDBDHFBDDGI@E:GFAE?	NH:i:1	HI:i:1	IH:i:1	NM:i:3
