SRR10482736.266832 266832 length=51	0	D10037_T73	221	37	2=1I3=1X5=1I6=	*	0	0	GGTACTACGAAAGGAAAAA	BBBBBFFFFFFFFFFFFFF	NH:i:1	HI:i:1	IH:i:1	NM:i:3
SRR10482736.21993047 21993047 length=51	0	D10037_T73	218	37	1=1X7=1X3=1I4=	*	0	0	CTTGGACTTGGAAGAGAA	BBBBBF/FF<FF//<BF/	NH:i:1	HI:i:1	IH:i:1	NM:i:3
SRR10482736.10080950 10080950 length=51	16	Ysat	179	37	4=1X1=1I3=1X8=	*	0	0	TTCATCGTCTTCATTTCTC	FFFFFFFFB<FFFB<BBBB	NH:i:1	HI:i:1	IH:i:1	NM:i:3
SRR10482736.25953412 25953412 length=51	16	D10037_T73	134	37	9=1I1=1X4=1I2=	*	0	0	TGTCCGCTATCTCTCACGC	7B//BFBFFFFFB<BBBB/	NH:i:1	HI:i:1	IH:i:1	NM:i:3
SRR10482736.22169403 22169403 length=51	0	Ysat	133	37	2=1I7=1X3=1I3=	*	0	0	TTCCCGTCTGGTGCACCA	BB<<BFFBF/<FFBFFF/	NH:i:1	HI:i:1	IH:i:1	NM:i:3
SRR10482736.16132717 16132717 length=51	16	Ysat	97	37	2=1X3=1I8=1X2=	*	0	0	TGGATCGTCGGACTGTAG	FFFFFFFFFFFFFBBBBB	NH:i:1	HI:i:1	IH:i:1	NM:i:3
SRR10482736.22014207 22014207 length=51	16	Ysat	97	37	2=1X3=1I8=1X2=	*	0	0	TGGATCGTCGGACTGTAG	FFFFFFFFFFFFFBBBBB	NH:i:1	HI:i:1	IH:i:1	NM:i:3
SRR10482736.12107551 12107551 length=51	0	D10037_T73	85	37	7=1X4=1D1=1X4=	*	0	0	GGCGGGTAGAGTGTCGCA	<BBBBBFFFFB<FFF/FF	NH:i:1	HI:i:1	IH:i:1	NM:i:3
SRR10482736.10339514 10339514 length=51	16	D10037_T73	297	0	10=1X3=1X3=1X1=	*	0	0	TGATCTCCGTCAATCTCTTT	FFFFFFFFFFFFFFFBBBBB	NH:i:2	HI:i:1	IH:i:2	NM:i:3
SRR10482736.10339514 10339514 length=51	272	Ysat	331	0	10=1X3=1X3=1X1=	*	0	0	TGATCTCCGTCAATCTCTTT	FFFFFFFFFFFFFFFBBBBB	NH:i:2	HI:i:2	IH:i:2	NM:i:3
SRR10482736.6750032 6750032 length=51	16	Ysat	185	37	3=1X4=1I5=1X3=	*	0	0	TCTTCATTATCTCAGTTG	FFFFFFFFFFFFFBBBBB	NH:i:1	HI:i:1	IH:i:1	NM:i:3
SRR10482736.5119850 5119850 length=51	16	Ysat	184	37	3=1I1=1X8=1I4=	*	0	0	TCTCGTATTTCTCAGTTTG	FFBBF/<FFFFB<</<</<	NH:i:1	HI:i:1	IH:i:1	NM:i:3
SRR10482736.25482916 25482916 length=51	0	D10037_T73	2	0	5=1X3=1I1=1I6=	*	0	0	TTTTGATTGCATTGGAGA	BB<BBFFFF/<BF/FFFB	NH:i:2	HI:i:1	IH:i:2	NM:i:3
SRR10482736.25482916 25482916 length=51	256	Ysat	2	0	5=1X3=1I1=1I6=	*	0	0	TTTTGATTGCATTGGAGA	BB<BBFFFF/<BF/FFFB	NH:i:2	HI:i:2	IH:i:2	NM:i:3
SRR10482736.8583495 8583495 length=51	0	D10037_T73	328	38	1X7=1X10=	*	0	0	GAGGACCCCTTTTGTTTGA	<BB/<BFFFFFFFFFFFFF	NH:i:1	HI:i:1	IH:i:1	NM:i:2
SRR10482736.7967468 7967468 length=51	16	D10037_T73	35	37	8=2X7=1I1=	*	0	0	TATCTACGCTAGGATCCGA	FBF<FFFFFFFFFFBBBBB	NH:i:1	HI:i:1	IH:i:1	NM:i:3
SRR10482736.18659309 18659309 length=51	16	D10037_T73	35	37	8=2X7=1I1=	*	0	0	TATCTACGCTAGGATCCGA	FBF<FFFFFFFFFFBBBBB	NH:i:1	HI:i:1	IH:i:1	NM:i:3
SRR10482736.5538512 5538512 length=51	0	Ysat	27	37	6=1X1=1X8=1I	*	0	0	AGGGGTAAGATCTGCGTA	BBBBBFFFFFFFFFFFFF	NH:i:1	HI:i:1	IH:i:1	NM:i:3
SRR10482736.25949157 25949157 length=51	0	Ysat	86	37	1=1X3=1I5=1I6=	*	0	0	GAGGGCTTGAGAAGTGTA	BBBBBFFF<FFFFFFBFF	NH:i:1	HI:i:1	IH:i:1	NM:i:3
SRR10482736.26670361 26670361 length=51	16	D10037_T73	90	37	9=1X1=1X3=1X5=	*	0	0	GTTGAGTCGTCCCACATCGGA	FFFFFFFFFFFFFFFFBBBBB	NH:i:1	HI:i:1	IH:i:1	NM:i:3
SRR10482736.7942120 7942120 length=51	16	D10037_T73	213	37	3=1D3=1X5=1I8=	*	0	0	GTTCCAAGGACTGTCGAAAGA	<FF/FFFFFFFBF<FFBBBBB	NH:i:1	HI:i:1	IH:i:1	NM:i:3
SRR10482736.27719885 27719885 length=51	16	D10037_T73	213	37	3=1D3=1X5=1I8=	*	0	0	GTTCCAAGGACTGTCGAAAGA	<FF/FFFFFFFBF<FFBBBBB	NH:i:1	HI:i:1	IH:i:1	NM:i:3
SRR10482736.12824290 12824290 length=51	256	D10037_T73	301	0	1=1X2=1X10=1X2=	*	0	0	CCCCTTGAATGTCTACAC	BBBBBFFFFFFFFFFFFF	NH:i:2	HI:i:2	IH:i:2	NM:i:3
SRR10482736.12824290 12824290 length=51	0	Ysat	335	0	1=1X2=1X10=1X2=	*	0	0	CCCCTTGAATGTCTACAC	BBBBBFFFFFFFFFFFFF	NH:i:2	HI:i:1	IH:i:2	NM:i:3
SRR10482736.26188199 26188199 length=51	0	Ysat	93	37	8=1X4=1I2=1I2=	*	0	0	GAGAGTGTGTCTCGGGCAC	B<<</<<FFFFBF<FB/BB	NH:i:1	HI:i:1	IH:i:1	NM:i:3
SRR10482736.7275963 7275963 length=51	16	D10037_T73	309	0	7=1X3=1I2=1I3=	*	0	0	GTCTATATATTGCCCTCT	FFFFFFFFFFFFFBBBBB	NH:i:2	HI:i:1	IH:i:2	NM:i:3
SRR10482736.7275963 7275963 length=51	272	Ysat	343	0	7=1X3=1I2=1I3=	*	0	0	GTCTATATATTGCCCTCT	FFFFFFFFFFFFFBBBBB	NH:i:2	HI:i:2	IH:i:2	NM:i:3
SRR10482736.4352541 4352541 length=51	16	D10037_T73	309	0	7=1X1=1I1=1I6=	*	0	0	GTCTATATACTATCCTCT	FFFBBFFFFFFBFBBBB/	NH:i:2	HI:i:1	IH:i:2	NM:i:3
SRR10482736.4352541 4352541 length=51	272	Ysat	343	0	7=1X1=1I1=1I6=	*	0	0	GTCTATATACTATCCTCT	FFFBBFFFFFFBFBBBB/	NH:i:2	HI:i:2	IH:i:2	NM:i:3
SRR10482736.1199441 1199441 length=51	16	Ysat	65	37	2=1X3=2X11=	*	0	0	GTCGGAATCCTCCCTGCTA	FBFFFFFB<FFFFFBBBBB	NH:i:1	HI:i:1	IH:i:1	NM:i:3
SRR10482736.22933799 22933799 length=51	0	D10037_T73	207	37	1=1X4=1X6=1X4=	*	0	0	TCCGCCATTACCAAGGAC	BBBBBBFFFFFFFFFFFF	NH:i:1	HI:i:1	IH:i:1	NM:i:3
SRR10482736.20547979 20547979 length=51	0	D10037_T73	103	37	1=1I8=1I4=1X3=	*	0	0	ATCCTCGGACTTGGGAACC	BBBBBFFFFFFFFFFFFF<	NH:i:1	HI:i:1	IH:i:1	NM:i:3
SRR10482736.28500523 28500523 length=51	16	D10037_T73	79	37	1=1X11=1X4=1I	*	0	0	GGTACGGCGGGTTCAGTCT	/FFFFFFFF</BFFBBBB/	NH:i:1	HI:i:1	IH:i:1	NM:i:3
SRR10482736.11370706 11370706 length=51	16	D10037_T73	29	37	8=1I2=1X4=1I2=	*	0	0	GGGTTATAGTCGACGTCGA	FFFFFFFFFFFFFFBBBBB	NH:i:1	HI:i:1	IH:i:1	NM:i:3
SRR10482736.9191942 9191942 length=51	16	D10037_T73	28	37	9=1I2=1X4=1I1=	*	0	0	GGGGTTATAGTCGACGTCG	FFFFFFFFFFFFFFBBBBB	NH:i:1	HI:i:1	IH:i:1	NM:i:3
SRR10482736.22830152 22830152 length=51	16	Ysat	27	37	5=1X1=1X8=1I1=	*	0	0	GGGGTAAGATCTGCGTAG	FFFFFFFFFBFFFBBBBB	NH:i:1	HI:i:1	IH:i:1	NM:i:3
SRR10482736.15157393 15157393 length=51	16	Ysat	64	37	11=1I1=1I1=1I4=	*	0	0	GGGATACCTCCGCATAGCTA	FFFFFFFFFFFFFFFBBBBB	NH:i:1	HI:i:1	IH:i:1	NM:i:3
SRR10482736.27306018 27306018 length=51	0	D10037_T73	61	37	1X3=1I7=1D6=	*	0	0	AGGTCGTGGGTTCCTCCC	BBBBBFFFFFFFFFFFFF	NH:i:1	HI:i:1	IH:i:1	NM:i:3
SRR10482736.25176532 25176532 length=51	16	D10037_T73	83	37	8=1X3=1I3=1I1=	*	0	0	GGCGGGTTCAGTTCGAGC	FFFFFFFFFFFFFBBBBB	NH:i:1	HI:i:1	IH:i:1	NM:i:3
SRR10482736.8603971 8603971 length=51	0	D10037_T73	288	37	2=1I8=1I2=1X4=	*	0	0	ATAGTTATGCTGGAACTCC	BBBBBFFFFFFFFFFFFFF	NH:i:1	HI:i:1	IH:i:1	NM:i:3
SRR10482736.1022955 1022955 length=51	16	D10037_T73	125	37	4=1D1X6=1X6=	*	0	0	GCTTTGAGCTAAGTCCGC	FFFFFFFFFFFFFBBBBB	NH:i:1	HI:i:1	IH:i:1	NM:i:3
SRR10482736.21325452 21325452 length=51	16	D10037_T73	125	37	4=1D1X6=1X6=	*	0	0	GCTTTGAGCTAAGTCCGC	FFFFFFFFFFFFFBBBBB	NH:i:1	HI:i:1	IH:i:1	NM:i:3
SRR10482736.432800 432800 length=51	16	Ysat	239	37	1=1X12=1X2=1I	*	0	0	GCTCGCCGTTACTAGGGG	FFFFFBBFFFFFBBB/BB	NH:i:1	HI:i:1	IH:i:1	NM:i:3
SRR10482736.20215118 20215118 length=51	16	Ysat	239	37	1=1X12=1X2=1I	*	0	0	GCTCGCCGTTACTAGGGG	FFFFFBBFFFFFBBB/BB	NH:i:1	HI:i:1	IH:i:1	NM:i:3
SRR10482736.2549206 2549206 length=51	0	Ysat	186	37	1=1X13=1X1I4=	*	0	0	TTTGCATTTCTCATTGGGAGC	BBBBBFFFFFFFFFFFFFFFF	NH:i:1	HI:i:1	IH:i:1	NM:i:3
SRR10482736.23944989 23944989 length=51	0	Ysat	187	37	1=1X3=1D8=1X4=	*	0	0	CGGCATTCTCATTGGAGC	BBBBBFFF<FFFF<FBFB	NH:i:1	HI:i:1	IH:i:1	NM:i:3
SRR10482736.25027041 25027041 length=51	4	*	0	0	*	*	0	0	CTGTTGTTAGCAAACTGAGC	<<<<BFFFBFFFFF<FFFFF	NH:i:6	HI:i:0	IH:i:6	NM:i:3
SRR10482736.17942597 17942597 length=51	16	D10037_T73	320	37	1I1=1I12=1I2=	*	0	0	GCGTCTACAGGACCCCGT	FFFFFFFFFFFFFBBBBB	NH:i:1	HI:i:1	IH:i:1	NM:i:3
SRR10482736.19923001 19923001 length=51	16	Ysat	189	37	5=1X6=1D2=1I3=	*	0	0	GCATTCCTCATTGACGCC	FFFFFFFFFFFFFBBBBB	NH:i:1	HI:i:1	IH:i:1	NM:i:3
SRR10482736.1185316 1185316 length=51	16	Ysat	296	37	3=1I6=1X9=1I	*	0	0	GCAGCGCAGGAAGAAGCTAAA	FFFFFFFFFFFFFFFFBBBBB	NH:i:1	HI:i:1	IH:i:1	NM:i:3
SRR10482736.7650867 7650867 length=51	16	Ysat	296	37	3=1I6=1X9=1I	*	0	0	GCAGCGCAGGAAGAAGCTAAA	FFFFFFFFFFFFFFFFBBBBB	NH:i:1	HI:i:1	IH:i:1	NM:i:3
SRR10482736.10721361 10721361 length=51	16	Ysat	296	37	3=1I6=1X9=1I	*	0	0	GCAGCGCAGGAAGAAGCTAAA	FFFFFFFFFFFFFFFFBBBBB	NH:i:1	HI:i:1	IH:i:1	NM:i:3
SRR10482736.12191276 12191276 length=51	16	Ysat	296	37	3=1I6=1X9=1I	*	0	0	GCAGCGCAGGAAGAAGCTAAA	FFFFFFFFFFFFFFFFBBBBB	NH:i:1	HI:i:1	IH:i:1	NM:i:3
SRR10482736.22789676 22789676 length=51	0	Ysat	25	37	1X1=1I6=1X8=	*	0	0	GGTAGGGGTAATATCTGC	BBBBBFFFFFFFFFFFFF	NH:i:1	HI:i:1	IH:i:1	NM:i:3
SRR10482736.5345508 5345508 length=51	16	D10037_T73	263	37	5=1X4=1X7=1I	*	0	0	GCACGAAGGGCGAGGCTAT	FFFFFFFFFFFFFFBBBBB	NH:i:1	HI:i:1	IH:i:1	NM:i:3
SRR10482736.14014654 14014654 length=51	16	Ysat	26	37	7=1X1=2X7=	*	0	0	GAGGGGTAAGGTCTGCGT	FFFFFFFFFFFFFBBBBB	NH:i:1	HI:i:1	IH:i:1	NM:i:3
SRR10482736.6891859 6891859 length=51	16	Ysat	172	37	2=1I7=1X2=1I4=	*	0	0	GAGCTTTTTCTGCGTCTG	FFFFFFFFFFFFFBBBBB	NH:i:1	HI:i:1	IH:i:1	NM:i:3
SRR10482736.15111443 15111443 length=51	0	D10037_T73	28	37	9=1I2=1X4=1I	*	0	0	GGGGTTATAGTCGACGTC	BBBBBFFFFFFFFBBBFF	NH:i:1	HI:i:1	IH:i:1	NM:i:3
SRR10482736.5490152 5490152 length=51	16	Ysat	308	37	3=1X11=1I1=1X1=	*	0	0	GAATCTAAGGCTTATAGGT	FFFFFFFFF/FFFFBBBBB	NH:i:1	HI:i:1	IH:i:1	NM:i:3
SRR10482736.6166984 6166984 length=51	16	D10037_T73	231	37	5=2X10=1I	*	0	0	GAAAAGTTCTGTTAGGTT	FFFFFFFFFFFFFBBBBB	NH:i:1	HI:i:1	IH:i:1	NM:i:3
SRR10482736.7022461 7022461 length=51	16	D10037_T73	231	37	5=2X10=1I	*	0	0	GAAAAGTTCTGTTAGGTT	FFFFFFFFFFFFFBBBBB	NH:i:1	HI:i:1	IH:i:1	NM:i:3
SRR10482736.12219060 12219060 length=51	16	D10037_T73	231	37	5=2X10=1I	*	0	0	GAAAAGTTCTGTTAGGTT	FFFFFFFFFFFFFBBBBB	NH:i:1	HI:i:1	IH:i:1	NM:i:3
SRR10482736.13929936 13929936 length=51	16	D10037_T73	231	37	5=2X10=1I	*	0	0	GAAAAGTTCTGTTAGGTT	FFFFFFFFFFFFFBBBBB	NH:i:1	HI:i:1	IH:i:1	NM:i:3
SRR10482736.28207606 28207606 length=51	16	Ysat	186	37	2=1X4=1I5=1X4=	*	0	0	CTTCATTATCTCAGTTGA	FFFFFFFFFFFFFBBBBB	NH:i:1	HI:i:1	IH:i:1	NM:i:3
SRR10482736.8976210 8976210 length=51	0	D10037_T73	7	0	3=1D10=1D1=1D5=	*	0	0	TTTATGGAGAATTCTAGAG	BBBBBFBFFFFFFFFFFBF	NH:i:2	HI:i:1	IH:i:2	NM:i:3
SRR10482736.8976210 8976210 length=51	256	Ysat	7	0	3=1D10=1D1=1D5=	*	0	0	TTTATGGAGAATTCTAGAG	BBBBBFBFFFFFFFFFFBF	NH:i:2	HI:i:2	IH:i:2	NM:i:3
SRR10482736.23156052 23156052 length=51	0	D10037_T73	192	0	11=1D2=1X2=1X1=	*	0	0	AAACCCGGCACTGTTTAG	<//<B/<B<FBF/FFF<F	NH:i:2	HI:i:1	IH:i:2	NM:i:3
SRR10482736.23156052 23156052 length=51	256	Ysat	226	0	11=1D2=1X2=1X1=	*	0	0	AAACCCGGCACTGTTTAG	<//<B/<B<FBF/FFF<F	NH:i:2	HI:i:2	IH:i:2	NM:i:3
SRR10482736.14014465 14014465 length=51	16	Ysat	239	37	1I1=1X12=1X2=	*	0	0	CGCTCGCCGTTACTAGGG	FFFFFFFFFFFFFBBBBB	NH:i:1	HI:i:1	IH:i:1	NM:i:3
SRR10482736.27077381 27077381 length=51	0	D10037_T73	113	37	5=1X1=1X1=1X8=	*	0	0	GGGGATCTCAGGCTTGCG	BBBBBFFFFFFFFFFFFF	NH:i:1	HI:i:1	IH:i:1	NM:i:3
SRR10482736.24446157 24446157 length=51	0	Ysat	302	37	2=1X9=1X1=1I3=	*	0	0	GCGGGGAGAAGCCAGAGG	BBBBBF/FFB//<BBF<B	NH:i:1	HI:i:1	IH:i:1	NM:i:3
SRR10482736.19993526 19993526 length=51	16	D10037_T73	335	37	5=1X1=1D10=1X2=	*	0	0	CCGTTCTTTTGATGGAGCAT	FFFFFFFFFFFFF<FBB<BB	NH:i:1	HI:i:1	IH:i:1	NM:i:3
SRR10482736.9029466 9029466 length=51	0	Ysat	82	37	3=1D6=1X7=1X2=	*	0	0	TAAGCGGGTCGAGAGTGAAT	BBBBBFFFFFFFFFFFFFFF	NH:i:1	HI:i:1	IH:i:1	NM:i:3
SRR10482736.19179557 19179557 length=51	16	Ysat	252	37	4=1X7=1I1=1X3=	*	0	0	ATGGGTTTCGAAGATAAA	FFFFFFFFFFFFFBBBBB	NH:i:1	HI:i:1	IH:i:1	NM:i:3
SRR10482736.28416527 28416527 length=51	16	Ysat	252	37	4=1X7=1I1=1X3=	*	0	0	ATGGGTTTCGAAGATAAA	FFFFFFFFFFFFFBBBBB	NH:i:1	HI:i:1	IH:i:1	NM:i:3
SRR10482736.7054890 7054890 length=51	16	D10037_T73	101	37	1=1I9=1X4=1I2=	*	0	0	ATCCTCGGACTTGGGAACC	FBFFFFFFFFFFFFBBBBB	NH:i:1	HI:i:1	IH:i:1	NM:i:3
SRR10482736.28168453 28168453 length=51	16	Ysat	34	37	1=1I12=1X4=1I2=	*	0	0	AGTCTGCGTGAGGAACCATTCA	FFFFFFFFFFFFFFFFFBBBBB	NH:i:1	HI:i:1	IH:i:1	NM:i:3
SRR10482736.7004558 7004558 length=51	16	D10037_T73	93	37	10=1I1X3=1X2=	*	0	0	AGTCGACGCATACTCTGA	FFFFFFFFFFFFFBBBBB	NH:i:1	HI:i:1	IH:i:1	NM:i:3
SRR10482736.7462800 7462800 length=51	16	D10037_T73	0	37	3=1X3=1X6=1I3=	*	0	0	AGGTCCCAGGTCCTAGTA	FFFFFFFFFFFFFBBBBB	NH:i:1	HI:i:1	IH:i:1	NM:i:3
SRR10482736.15248234 15248234 length=51	16	D10037_T73	269	37	4=1I5=1D5=1I2=	*	0	0	AGGGTAGAGGTAAGATCT	FFFFFFFFFFFFFBBBBB	NH:i:1	HI:i:1	IH:i:1	NM:i:3
SRR10482736.21214264 21214264 length=51	16	D10037_T73	27	37	10=1I2=1X4=1I2=	*	0	0	AGGGGTTATAGTCGACGTCGA	FFFF<FBFFF<<BBFFBBBBB	NH:i:1	HI:i:1	IH:i:1	NM:i:3
SRR10482736.24834995 24834995 length=51	0	Ysat	194	37	4=1I8=1X3=1X2=	*	0	0	TCTCAATTTGAGCGCCCCCT	BBBBBBFFFFF<FFFFBFFF	NH:i:1	HI:i:1	IH:i:1	NM:i:3
SRR10482736.6964288 6964288 length=51	0	Ysat	193	37	5=1I8=1X3=1X2=	*	0	0	TTCTCAATTTGAGCGCCCCCT	BBBBBFFFFFFFFFFFFFFFF	NH:i:1	HI:i:1	IH:i:1	NM:i:3
SRR10482736.1646954 1646954 length=51	272	D10037_T73	182	0	1I2=1I8=1I5=	*	0	0	AGCGTAGCAAAAGCCCGG	FBFF<</FFFFF<BBBB/	NH:i:2	HI:i:2	IH:i:2	NM:i:3
SRR10482736.1646954 1646954 length=51	16	Ysat	216	0	1I2=1I8=1I5=	*	0	0	AGCGTAGCAAAAGCCCGG	FBFF<</FFFFF<BBBB/	NH:i:2	HI:i:1	IH:i:2	NM:i:3
SRR10482736.11289298 11289298 length=51	0	Ysat	129	37	4=1I3=1X9=1I	*	0	0	GGTGATTCAGTCTGCTGCT	BBBBBFFFFFFFFFFBFFF	NH:i:1	HI:i:1	IH:i:1	NM:i:3
SRR10482736.10573889 10573889 length=51	16	D10037_T73	150	37	7=1D3=1I3=1X3=	*	0	0	AGCACTAGCGTCTCCTTT	FFBF<FFFFFF/FBBB<B	NH:i:1	HI:i:1	IH:i:1	NM:i:3
SRR10482736.3163203 3163203 length=51	0	D10037_T73	270	37	6=1I5=1X3=1I2=	*	0	0	AGGGAGCAGGCTTAGATCT	BBBBBFFFFFFFFFFFFBF	NH:i:1	HI:i:1	IH:i:1	NM:i:3
SRR10482736.21308730 21308730 length=51	0	Ysat	260	37	5=1I1=1X1=1I8=	*	0	0	TCGAAGAAAGAACACTCT	BBBBBFFFFFFFFFFFFF	NH:i:1	HI:i:1	IH:i:1	NM:i:3
SRR10482736.11767336 11767336 length=51	16	D10037_T73	272	37	7=1X3=1I5=1I	*	0	0	AGAGGCTCAGATCTTATT	FFFFFFFFFFFFFBBBBB	NH:i:1	HI:i:1	IH:i:1	NM:i:3
SRR10482736.27534672 27534672 length=51	0	Ysat	258	37	4=1I1=1I8=1X4=	*	0	0	TTTCGGAAAAGAAACTCTCT	BBBBBFFFFFFFFFFFFFFF	NH:i:1	HI:i:1	IH:i:1	NM:i:3
SRR10482736.7214115 7214115 length=51	16	Ysat	93	37	4=1X2=1X6=1I6=	*	0	0	AGAGAGTCTCTCGGGACTGGA	FFBF<B/<<FB<FFF</</BB	NH:i:1	HI:i:1	IH:i:1	NM:i:3
SRR10482736.2157969 2157969 length=51	0	Ysat	129	37	6=1I1=1I6=1I2=	*	0	0	GGTGTTACTCGTCTGTCT	BBBBBFFFFFFFFFFFFF	NH:i:1	HI:i:1	IH:i:1	NM:i:3
SRR10482736.3770341 3770341 length=51	0	Ysat	129	37	6=1I1=1I6=1I2=	*	0	0	GGTGTTACTCGTCTGTCT	BBBBBFFFFFFFFFFFFF	NH:i:1	HI:i:1	IH:i:1	NM:i:3
SRR10482736.10809750 10809750 length=51	0	Ysat	129	37	6=1I1=1I6=1I2=	*	0	0	GGTGTTACTCGTCTGTCT	BBBBBFFFFFFFFFFFFF	NH:i:1	HI:i:1	IH:i:1	NM:i:3
SRR10482736.13190234 13190234 length=51	0	Ysat	129	37	6=1I1=1I6=1I2=	*	0	0	GGTGTTACTCGTCTGTCT	BBBBBFFFFFFFFFFFFF	NH:i:1	HI:i:1	IH:i:1	NM:i:3
SRR10482736.17159711 17159711 length=51	0	Ysat	129	37	6=1I1=1I6=1I2=	*	0	0	GGTGTTACTCGTCTGTCT	BBBBBFFFFFFFFFFFFF	NH:i:1	HI:i:1	IH:i:1	NM:i:3
SRR10482736.17815905 17815905 length=51	0	Ysat	129	37	6=1I1=1I6=1I2=	*	0	0	GGTGTTACTCGTCTGTCT	BBBBBFFFFFFFFFFFFF	NH:i:1	HI:i:1	IH:i:1	NM:i:3
SRR10482736.21412155 21412155 length=51	0	Ysat	129	37	6=1I1=1I6=1I2=	*	0	0	GGTGTTACTCGTCTGTCT	BBBBBFFFFFFFFFFFFF	NH:i:1	HI:i:1	IH:i:1	NM:i:3
SRR10482736.24307584 24307584 length=51	0	Ysat	129	37	6=1I1=1I6=1I2=	*	0	0	GGTGTTACTCGTCTGTCT	BBBBBFFFFFFFFFFFFF	NH:i:1	HI:i:1	IH:i:1	NM:i:3
SRR10482736.28500602 28500602 length=51	0	Ysat	129	37	6=1I1=1I6=1I2=	*	0	0	GGTGTTACTCGTCTGTCT	BBBBBFFFFFFFFFFFFF	NH:i:1	HI:i:1	IH:i:1	NM:i:3
SRR10482736.23400946 23400946 length=51	16	D10037_T73	103	37	6=1X3=1X2=1X5=	*	0	0	ACCTCGAACTCGGAACCGC	FFFFFFFFFFFFFFBBBBB	NH:i:1	HI:i:1	IH:i:1	NM:i:3
SRR10482736.746749 746749 length=51	16	D10037_T73	119	37	3=1D5=1X1=1D8=	*	0	0	ACCCTGGCGTCGAGCTAT	F<FFFFFFFFFFFBBBBB	NH:i:1	HI:i:1	IH:i:1	NM:i:3
SRR10482736.782178 782178 length=51	16	D10037_T73	119	37	3=1D5=1X1=1D8=	*	0	0	ACCCTGGCGTCGAGCTAT	F<FFFFFFFFFFFBBBBB	NH:i:1	HI:i:1	IH:i:1	NM:i:3
SRR10482736.17824786 17824786 length=51	16	D10037_T73	101	37	3=1I2=1X12=1I1=	*	0	0	ACCATCCGACTGGGGACCGAC	F<FFFFFFFFFBF/BFBB<BB	NH:i:1	HI:i:1	IH:i:1	NM:i:3
