A00783:1432:HMNG7DRX3:2:2165:24243:23312 1:N:0:CCGTGAGA	0	D10037_T73	219	37	6=1X1=1X2=1I8=	*	0	0	ATGGACGTTGATAAGAAAAA	FFFFFFFFFFF:FFFFFFFF	NH:i:1	HI:i:1	IH:i:1	NM:i:3
A00783:1432:HMNG7DRX3:2:2102:27498:7717 1:N:0:CCGTGAGA	16	Ysat	177	37	6=1I11=1D4=1I	*	0	0	TTTTTCCAGCTCTGCATTCTCAA	FFFFFFFFFFFFFFFFFFFFFFF	NH:i:1	HI:i:1	IH:i:1	NM:i:3
A00783:1432:HMNG7DRX3:2:2168:30906:6198 1:N:0:CCGTGAGA	16	Ysat	177	37	6=1I11=1D4=1I	*	0	0	TTTTTCCAGCTCTGCATTCTCAA	FFFFFFFFFFFFFFFFFFFFFFF	NH:i:1	HI:i:1	IH:i:1	NM:i:3
A00783:1432:HMNG7DRX3:2:2121:16857:15123 1:N:0:CCGTGAGA	16	D10037_T73	310	0	5=2I2=1I10=	*	0	0	TGTCTTGATCACATTCCTCT	FFFFFFFFFFFFFFFFFFFF	NH:i:2	HI:i:1	IH:i:2	NM:i:3
A00783:1432:HMNG7DRX3:2:2201:27995:17691 1:N:0:CCGTGAGA	16	D10037_T73	310	0	5=2I2=1I10=	*	0	0	TGTCTTGATCACATTCCTCT	FFFFFFFFFFFFFFFFFFFF	NH:i:2	HI:i:1	IH:i:2	NM:i:3
A00783:1432:HMNG7DRX3:2:2201:28067:19758 1:N:0:CCGTGAGA	16	D10037_T73	310	0	5=2I2=1I10=	*	0	0	TGTCTTGATCACATTCCTCT	FFFFFFFFFFFFFFFFFFFF	NH:i:2	HI:i:1	IH:i:2	NM:i:3
A00783:1432:HMNG7DRX3:2:2211:13819:28933 1:N:0:CCGTGAGA	16	D10037_T73	310	0	5=2I2=1I10=	*	0	0	TGTCTTGATCACATTCCTCT	FFFFFFFFFFFFFFFFFFFF	NH:i:2	HI:i:1	IH:i:2	NM:i:3
A00783:1432:HMNG7DRX3:2:2121:16857:15123 1:N:0:CCGTGAGA	272	Ysat	344	0	5=2I2=1I10=	*	0	0	TGTCTTGATCACATTCCTCT	FFFFFFFFFFFFFFFFFFFF	NH:i:2	HI:i:2	IH:i:2	NM:i:3
A00783:1432:HMNG7DRX3:2:2201:27995:17691 1:N:0:CCGTGAGA	272	Ysat	344	0	5=2I2=1I10=	*	0	0	TGTCTTGATCACATTCCTCT	FFFFFFFFFFFFFFFFFFFF	NH:i:2	HI:i:2	IH:i:2	NM:i:3
A00783:1432:HMNG7DRX3:2:2201:28067:19758 1:N:0:CCGTGAGA	272	Ysat	344	0	5=2I2=1I10=	*	0	0	TGTCTTGATCACATTCCTCT	FFFFFFFFFFFFFFFFFFFF	NH:i:2	HI:i:2	IH:i:2	NM:i:3
A00783:1432:HMNG7DRX3:2:2211:13819:28933 1:N:0:CCGTGAGA	272	Ysat	344	0	5=2I2=1I10=	*	0	0	TGTCTTGATCACATTCCTCT	FFFFFFFFFFFFFFFFFFFF	NH:i:2	HI:i:2	IH:i:2	NM:i:3
A00783:1432:HMNG7DRX3:2:2218:9652:8343 1:N:0:CCGTGAGA	16	D10037_T73	312	0	4=1X5=1X7=1X2=	*	0	0	TCTAGACATTGCTCTACATGA	FFFFFFFFFFFFFFFFFFFFF	NH:i:2	HI:i:1	IH:i:2	NM:i:3
A00783:1432:HMNG7DRX3:2:2218:9652:8343 1:N:0:CCGTGAGA	272	Ysat	346	0	4=1X5=1X7=1X2=	*	0	0	TCTAGACATTGCTCTACATGA	FFFFFFFFFFFFFFFFFFFFF	NH:i:2	HI:i:2	IH:i:2	NM:i:3
A00783:1432:HMNG7DRX3:2:2232:6506:26256 1:N:0:CCGTGAGA	0	Ysat	110	37	4=1I6=1D9=1I	*	0	0	TGGACGGCGGGTGTCTGCGGA	FFFFFFFFFFFFFFFFFFFFF	NH:i:1	HI:i:1	IH:i:1	NM:i:3
A00783:1432:HMNG7DRX3:2:2123:29514:23077 1:N:0:CCGTGAGA	0	D10037_T73	289	37	3=1I10=1X3=1I3=	*	0	0	TGTGTATGCTGATCGCCGCTGA	FFFFFFFFFFFFFFFFFFFFFF	NH:i:1	HI:i:1	IH:i:1	NM:i:3
A00783:1432:HMNG7DRX3:2:2144:9381:24659 1:N:0:CCGTGAGA	0	D10037_T73	289	37	3=1I10=1X3=1I3=	*	0	0	TGTGTATGCTGATCGCCGCTGA	FFFFFFFFFFFFFFFFFFFFFF	NH:i:1	HI:i:1	IH:i:1	NM:i:3
A00783:1432:HMNG7DRX3:2:2147:28953:5635 1:N:0:CCGTGAGA	0	D10037_T73	289	37	3=1I10=1X3=1I3=	*	0	0	TGTGTATGCTGATCGCCGCTGA	FFFFFFFFFFFFFFFFFFFFFF	NH:i:1	HI:i:1	IH:i:1	NM:i:3
A00783:1432:HMNG7DRX3:2:2221:30273:36605 1:N:0:CCGTGAGA	0	D10037_T73	289	37	3=1I10=1X3=1I3=	*	0	0	TGTGTATGCTGATCGCCGCTGA	FFFFFFFFFFFFFFFFFFFFFF	NH:i:1	HI:i:1	IH:i:1	NM:i:3
A00783:1432:HMNG7DRX3:2:2240:19244:30436 1:N:0:CCGTGAGA	0	D10037_T73	289	37	3=1I10=1X3=1I3=	*	0	0	TGTGTATGCTGATCGCCGCTGA	FFFFFFFFFFFFFFFFFFFFFF	NH:i:1	HI:i:1	IH:i:1	NM:i:3
A00783:1432:HMNG7DRX3:2:2242:18204:33896 1:N:0:CCGTGAGA	0	D10037_T73	289	37	3=1I10=1X3=1I3=	*	0	0	TGTGTATGCTGATCGCCGCTGA	FFFFFFFFFFFFFFFFFFFFFF	NH:i:1	HI:i:1	IH:i:1	NM:i:3
A00783:1432:HMNG7DRX3:2:2259:22028:31939 1:N:0:CCGTGAGA	0	D10037_T73	289	37	3=1I10=1X3=1I3=	*	0	0	TGTGTATGCTGATCGCCGCTGA	FFFFFFFFFFFFFFFFFFFFFF	NH:i:1	HI:i:1	IH:i:1	NM:i:3
A00783:1432:HMNG7DRX3:2:2101:20003:32471 1:N:0:CCGTGAGA	0	D10037_T73	2	0	5=1I1=1I10=1I1=	*	0	0	TTTTGATATTGATGGAGATA	FFFFFFFFFFFFFFFFFFFF	NH:i:2	HI:i:1	IH:i:2	NM:i:3
A00783:1432:HMNG7DRX3:2:2126:26892:26929 1:N:0:CCGTGAGA	0	D10037_T73	2	0	5=1I1=1I10=1I1=	*	0	0	TTTTGATATTGATGGAGATA	FFFFFFFFFFFFFFFFFFFF	NH:i:2	HI:i:1	IH:i:2	NM:i:3
A00783:1432:HMNG7DRX3:2:2127:1588:29606 1:N:0:CCGTGAGA	0	D10037_T73	2	0	5=1I1=1I10=1I1=	*	0	0	TTTTGATATTGATGGAGATA	FFFFFFFFFFFFFFFFFFFF	NH:i:2	HI:i:1	IH:i:2	NM:i:3
A00783:1432:HMNG7DRX3:2:2101:20003:32471 1:N:0:CCGTGAGA	256	Ysat	2	0	5=1I1=1I10=1I1=	*	0	0	TTTTGATATTGATGGAGATA	FFFFFFFFFFFFFFFFFFFF	NH:i:2	HI:i:2	IH:i:2	NM:i:3
A00783:1432:HMNG7DRX3:2:2126:26892:26929 1:N:0:CCGTGAGA	256	Ysat	2	0	5=1I1=1I10=1I1=	*	0	0	TTTTGATATTGATGGAGATA	FFFFFFFFFFFFFFFFFFFF	NH:i:2	HI:i:2	IH:i:2	NM:i:3
A00783:1432:HMNG7DRX3:2:2127:1588:29606 1:N:0:CCGTGAGA	256	Ysat	2	0	5=1I1=1I10=1I1=	*	0	0	TTTTGATATTGATGGAGATA	FFFFFFFFFFFFFFFFFFFF	NH:i:2	HI:i:2	IH:i:2	NM:i:3
A00783:1432:HMNG7DRX3:2:2146:11686:5916 1:N:0:CCGTGAGA	0	D10037_T73	7	0	5=1I7=1D4=1I2=	*	0	0	TTTGATTGGAGAATGCGATA	FFFFFFFFFFFFFFFFFFFF	NH:i:2	HI:i:1	IH:i:2	NM:i:3
A00783:1432:HMNG7DRX3:2:2258:26594:13636 1:N:0:CCGTGAGA	0	D10037_T73	7	0	5=1I7=1D4=1I2=	*	0	0	TTTGATTGGAGAATGCGATA	FFFFFFFFFFFFFFFFFFFF	NH:i:2	HI:i:1	IH:i:2	NM:i:3
A00783:1432:HMNG7DRX3:2:2146:11686:5916 1:N:0:CCGTGAGA	256	Ysat	7	0	5=1I7=1D4=1I2=	*	0	0	TTTGATTGGAGAATGCGATA	FFFFFFFFFFFFFFFFFFFF	NH:i:2	HI:i:2	IH:i:2	NM:i:3
A00783:1432:HMNG7DRX3:2:2258:26594:13636 1:N:0:CCGTGAGA	256	Ysat	7	0	5=1I7=1D4=1I2=	*	0	0	TTTGATTGGAGAATGCGATA	FFFFFFFFFFFFFFFFFFFF	NH:i:2	HI:i:2	IH:i:2	NM:i:3
A00783:1432:HMNG7DRX3:2:2106:9236:21465 1:N:0:CCGTGAGA	0	D10037_T73	226	37	2=1X5=1X8=1X2=	*	0	0	TCCAAAGAGAAACTCTGATA	FFFFFFFFFFFFFFFFFFFF	NH:i:1	HI:i:1	IH:i:1	NM:i:3
A00783:1432:HMNG7DRX3:2:2176:3323:29919 1:N:0:CCGTGAGA	0	D10037_T73	281	37	1X8=1I9=1I1=	*	0	0	GAGACTTATCGTTATGCTGTA	FFFFFFFFFFFFFFFFFFFFF	NH:i:1	HI:i:1	IH:i:1	NM:i:3
A00783:1432:HMNG7DRX3:2:2256:1298:20650 1:N:0:CCGTGAGA	0	D10037_T73	281	37	1X8=1I9=1I1=	*	0	0	GAGACTTATCGTTATGCTGTA	FFFFFFFFFFFFFFFFFFFFF	NH:i:1	HI:i:1	IH:i:1	NM:i:3
A00920:1416:HMMJJDRX3:2:2150:19940:36620 1:N:0:CCGTGAGA	0	Ysat	82	37	3=1X14=1X1=1I	*	0	0	TAACGCGGGTTGAGAGTGAAC	FFFFFFFFFFFFFFFFFFFFF	NH:i:1	HI:i:1	IH:i:1	NM:i:3
A00783:1432:HMNG7DRX3:2:2246:6117:36010 1:N:0:CCGTGAGA	16	D10037_T73	69	37	8=2I1=1I9=	*	0	0	GTTACCTCAGCTCTGCTACGG	FFFFFFFFFFFFFFFFFFFFF	NH:i:1	HI:i:1	IH:i:1	NM:i:3
A00783:1432:HMNG7DRX3:2:2250:32714:21637 1:N:0:CCGTGAGA	16	D10037_T73	69	37	8=2I1=1I9=	*	0	0	GTTACCTCAGCTCTGCTACGG	FFFFFFFFFFFFFFFFFFFFF	NH:i:1	HI:i:1	IH:i:1	NM:i:3
A00783:1432:HMNG7DRX3:2:2124:1325:24142 1:N:0:CCGTGAGA	256	D10037_T73	241	0	5=2D5=1D10=	*	0	0	TGTTATGGTACGTGGATGAC	:FFFFFFFFFFFFFFFFFFF	NH:i:2	HI:i:2	IH:i:2	NM:i:3
A00783:1432:HMNG7DRX3:2:2124:1325:24142 1:N:0:CCGTGAGA	0	Ysat	275	0	5=2D5=1D10=	*	0	0	TGTTATGGTACGTGGATGAC	:FFFFFFFFFFFFFFFFFFF	NH:i:2	HI:i:1	IH:i:2	NM:i:3
A00783:1432:HMNG7DRX3:2:2122:28962:2456 1:N:0:CCGTGAGA	0	D10037_T73	219	37	3=1I5=1X9=1X1=	*	0	0	ATGTGACTTGGAAAGAAAACC	FFFFFFFFFFFFFFFFFFFFF	NH:i:1	HI:i:1	IH:i:1	NM:i:3
A00783:1432:HMNG7DRX3:2:2105:24867:3599 1:N:0:CCGTGAGA	0	Ysat	82	37	3=1X14=1X1=1X1=	*	0	0	TAACGCGGGTTGAGAGTGAACC	FFFFFFFFFFFFFFFFFFFFFF	NH:i:1	HI:i:1	IH:i:1	NM:i:3
A00783:1432:HMNG7DRX3:2:2214:3784:28087 1:N:0:CCGTGAGA	0	Ysat	82	37	3=1X14=1X1=1X1=	*	0	0	TAACGCGGGTTGAGAGTGAACC	FFFFFFFFFFFFFFFFFFFFFF	NH:i:1	HI:i:1	IH:i:1	NM:i:3
A00783:1432:HMNG7DRX3:2:2215:20808:19241 1:N:0:CCGTGAGA	0	Ysat	82	37	3=1X14=1X1=1X1=	*	0	0	TAACGCGGGTTGAGAGTGAACC	FFFFFFFFFFFFFFFFFFFFFF	NH:i:1	HI:i:1	IH:i:1	NM:i:3
A00783:1432:HMNG7DRX3:2:2215:20220:19507 1:N:0:CCGTGAGA	0	Ysat	82	37	3=1X14=1X1=1X1=	*	0	0	TAACGCGGGTTGAGAGTGAACC	FFFFFFFFFFFFFFFFFFFFFF	NH:i:1	HI:i:1	IH:i:1	NM:i:3
A00783:1432:HMNG7DRX3:2:2229:12011:18192 1:N:0:CCGTGAGA	0	Ysat	82	37	3=1X14=1X1=1X1=	*	0	0	TAACGCGGGTTGAGAGTGAACC	FFFFFFFFFFFFFFFFFFFFFF	NH:i:1	HI:i:1	IH:i:1	NM:i:3
A00783:1432:HMNG7DRX3:2:2245:30264:5087 1:N:0:CCGTGAGA	0	Ysat	82	37	3=1X14=1X1=1X1=	*	0	0	TAACGCGGGTTGAGAGTGAACC	FFFFFFFFFFFFFFFFFFFFFF	NH:i:1	HI:i:1	IH:i:1	NM:i:3
A00783:1432:HMNG7DRX3:2:2245:29848:13103 1:N:0:CCGTGAGA	0	Ysat	82	37	3=1X14=1X1=1X1=	*	0	0	TAACGCGGGTTGAGAGTGAACC	FFFFFFFFFFFFFFFFFFFFFF	NH:i:1	HI:i:1	IH:i:1	NM:i:3
A00783:1432:HMNG7DRX3:2:2103:4237:28745 1:N:0:CCGTGAGA	16	D10037_T73	89	37	3=1X6=1I2=1I6=	*	0	0	GGTCGAGTCGCACAGCACCT	FFFFFFFFFFFFFFFFFFFF	NH:i:1	HI:i:1	IH:i:1	NM:i:3
A00783:1432:HMNG7DRX3:2:2110:9932:6167 1:N:0:CCGTGAGA	16	D10037_T73	89	37	3=1X6=1I2=1I6=	*	0	0	GGTCGAGTCGCACAGCACCT	FFFFFFFFFFFFFFFFFFFF	NH:i:1	HI:i:1	IH:i:1	NM:i:3
A00783:1432:HMNG7DRX3:2:2112:16640:3850 1:N:0:CCGTGAGA	16	D10037_T73	89	37	3=1X6=1I2=1I6=	*	0	0	GGTCGAGTCGCACAGCACCT	FFFFFFFFFFFFFFFFFFFF	NH:i:1	HI:i:1	IH:i:1	NM:i:3
A00783:1432:HMNG7DRX3:2:2112:21866:7639 1:N:0:CCGTGAGA	16	D10037_T73	89	37	3=1X6=1I2=1I6=	*	0	0	GGTCGAGTCGCACAGCACCT	FFFFFFFFFFFFFFFFFFFF	NH:i:1	HI:i:1	IH:i:1	NM:i:3
A00783:1432:HMNG7DRX3:2:2117:9778:29011 1:N:0:CCGTGAGA	16	D10037_T73	89	37	3=1X6=1I2=1I6=	*	0	0	GGTCGAGTCGCACAGCACCT	FFFFFFFFFFFFFFFFFFFF	NH:i:1	HI:i:1	IH:i:1	NM:i:3
A00783:1432:HMNG7DRX3:2:2117:9362:30733 1:N:0:CCGTGAGA	16	D10037_T73	89	37	3=1X6=1I2=1I6=	*	0	0	GGTCGAGTCGCACAGCACCT	FFFFFFFFFFFFFFFFFFFF	NH:i:1	HI:i:1	IH:i:1	NM:i:3
A00783:1432:HMNG7DRX3:2:2124:29559:21183 1:N:0:CCGTGAGA	16	D10037_T73	89	37	3=1X6=1I2=1I6=	*	0	0	GGTCGAGTCGCACAGCACCT	FFFFFFFFFFFFFFFFFFFF	NH:i:1	HI:i:1	IH:i:1	NM:i:3
A00783:1432:HMNG7DRX3:2:2126:27208:16955 1:N:0:CCGTGAGA	16	D10037_T73	89	37	3=1X6=1I2=1I6=	*	0	0	GGTCGAGTCGCACAGCACCT	FFFFFFFFFFFFFFFFFFFF	NH:i:1	HI:i:1	IH:i:1	NM:i:3
A00783:1432:HMNG7DRX3:2:2126:27254:17002 1:N:0:CCGTGAGA	16	D10037_T73	89	37	3=1X6=1I2=1I6=	*	0	0	GGTCGAGTCGCACAGCACCT	FFFFFFFFFFFFFFFFFFFF	NH:i:1	HI:i:1	IH:i:1	NM:i:3
A00783:1432:HMNG7DRX3:2:2126:26910:18067 1:N:0:CCGTGAGA	16	D10037_T73	89	37	3=1X6=1I2=1I6=	*	0	0	GGTCGAGTCGCACAGCACCT	FFFFFFFFFFFFFFFFFFFF	NH:i:1	HI:i:1	IH:i:1	NM:i:3
A00783:1432:HMNG7DRX3:2:2133:14281:10598 1:N:0:CCGTGAGA	16	D10037_T73	89	37	3=1X6=1I2=1I6=	*	0	0	GGTCGAGTCGCACAGCACCT	FFFFFFFFFFFFFFFFFFFF	NH:i:1	HI:i:1	IH:i:1	NM:i:3
A00783:1432:HMNG7DRX3:2:2135:11415:26459 1:N:0:CCGTGAGA	16	D10037_T73	89	37	3=1X6=1I2=1I6=	*	0	0	GGTCGAGTCGCACAGCACCT	FFFFFFFFFFFFFFFFFFFF	NH:i:1	HI:i:1	IH:i:1	NM:i:3
A00783:1432:HMNG7DRX3:2:2139:3947:10175 1:N:0:CCGTGAGA	16	D10037_T73	89	37	3=1X6=1I2=1I6=	*	0	0	GGTCGAGTCGCACAGCACCT	FFFFFFFFFFFFFFFFFFFF	NH:i:1	HI:i:1	IH:i:1	NM:i:3
A00783:1432:HMNG7DRX3:2:2141:23140:27352 1:N:0:CCGTGAGA	16	D10037_T73	89	37	3=1X6=1I2=1I6=	*	0	0	GGTCGAGTCGCACAGCACCT	FFFFFFFFFFFFFFFFFFFF	NH:i:1	HI:i:1	IH:i:1	NM:i:3
A00783:1432:HMNG7DRX3:2:2149:32262:4319 1:N:0:CCGTGAGA	16	D10037_T73	89	37	3=1X6=1I2=1I6=	*	0	0	GGTCGAGTCGCACAGCACCT	FFFFFFFFFFFFFFFFFFFF	NH:i:1	HI:i:1	IH:i:1	NM:i:3
A00783:1432:HMNG7DRX3:2:2155:25599:28510 1:N:0:CCGTGAGA	16	D10037_T73	89	37	3=1X6=1I2=1I6=	*	0	0	GGTCGAGTCGCACAGCACCT	FFFFFFFFFFFFFFFFFFFF	NH:i:1	HI:i:1	IH:i:1	NM:i:3
A00783:1432:HMNG7DRX3:2:2159:9308:9909 1:N:0:CCGTGAGA	16	D10037_T73	89	37	3=1X6=1I2=1I6=	*	0	0	GGTCGAGTCGCACAGCACCT	FFFFFFFFFFFFFFFFFFFF	NH:i:1	HI:i:1	IH:i:1	NM:i:3
A00783:1432:HMNG7DRX3:2:2160:32750:25238 1:N:0:CCGTGAGA	16	D10037_T73	89	37	3=1X6=1I2=1I6=	*	0	0	GGTCGAGTCGCACAGCACCT	FFFFFFFFFFFFFFFFFFFF	NH:i:1	HI:i:1	IH:i:1	NM:i:3
A00783:1432:HMNG7DRX3:2:2161:13404:28213 1:N:0:CCGTGAGA	16	D10037_T73	89	37	3=1X6=1I2=1I6=	*	0	0	GGTCGAGTCGCACAGCACCT	FFFFFFFFFFFFFFFFFFFF	NH:i:1	HI:i:1	IH:i:1	NM:i:3
A00783:1432:HMNG7DRX3:2:2162:8693:2926 1:N:0:CCGTGAGA	16	D10037_T73	89	37	3=1X6=1I2=1I6=	*	0	0	GGTCGAGTCGCACAGCACCT	FFFFFFFFFFFFFFFFFFFF	NH:i:1	HI:i:1	IH:i:1	NM:i:3
A00783:1432:HMNG7DRX3:2:2164:4517:13228 1:N:0:CCGTGAGA	16	D10037_T73	89	37	3=1X6=1I2=1I6=	*	0	0	GGTCGAGTCGCACAGCACCT	FFFFFFFFFFFFFFFFFFFF	NH:i:1	HI:i:1	IH:i:1	NM:i:3
A00783:1432:HMNG7DRX3:2:2165:3351:25426 1:N:0:CCGTGAGA	16	D10037_T73	89	37	3=1X6=1I2=1I6=	*	0	0	GGTCGAGTCGCACAGCACCT	FFFFFFFFFFFFFFFFFFFF	NH:i:1	HI:i:1	IH:i:1	NM:i:3
A00783:1432:HMNG7DRX3:2:2173:26042:19914 1:N:0:CCGTGAGA	16	D10037_T73	89	37	3=1X6=1I2=1I6=	*	0	0	GGTCGAGTCGCACAGCACCT	FFFFFFFFFFFFFFFFFFFF	NH:i:1	HI:i:1	IH:i:1	NM:i:3
A00783:1432:HMNG7DRX3:2:2203:24162:7795 1:N:0:CCGTGAGA	16	D10037_T73	89	37	3=1X6=1I2=1I6=	*	0	0	GGTCGAGTCGCACAGCACCT	FFFFFFFFFFFFFFFFFFFF	NH:i:1	HI:i:1	IH:i:1	NM:i:3
A00783:1432:HMNG7DRX3:2:2204:19687:21966 1:N:0:CCGTGAGA	16	D10037_T73	89	37	3=1X6=1I2=1I6=	*	0	0	GGTCGAGTCGCACAGCACCT	FFFFFFFFFFFFFFFFFFFF	NH:i:1	HI:i:1	IH:i:1	NM:i:3
A00783:1432:HMNG7DRX3:2:2206:12545:36996 1:N:0:CCGTGAGA	16	D10037_T73	89	37	3=1X6=1I2=1I6=	*	0	0	GGTCGAGTCGCACAGCACCT	FFFFFFFFFFFFFFFFFFFF	NH:i:1	HI:i:1	IH:i:1	NM:i:3
A00783:1432:HMNG7DRX3:2:2207:11885:3568 1:N:0:CCGTGAGA	16	D10037_T73	89	37	3=1X6=1I2=1I6=	*	0	0	GGTCGAGTCGCACAGCACCT	FFFFFFFFFFFFFFFFFFFF	NH:i:1	HI:i:1	IH:i:1	NM:i:3
A00783:1432:HMNG7DRX3:2:2208:23104:5212 1:N:0:CCGTGAGA	16	D10037_T73	89	37	3=1X6=1I2=1I6=	*	0	0	GGTCGAGTCGCACAGCACCT	FFFFFFFFFFFFFFFFFFFF	NH:i:1	HI:i:1	IH:i:1	NM:i:3
A00783:1432:HMNG7DRX3:2:2208:29451:5306 1:N:0:CCGTGAGA	16	D10037_T73	89	37	3=1X6=1I2=1I6=	*	0	0	GGTCGAGTCGCACAGCACCT	FFFFFFFFFFFFFFFFFFFF	NH:i:1	HI:i:1	IH:i:1	NM:i:3
A00783:1432:HMNG7DRX3:2:2208:23312:5541 1:N:0:CCGTGAGA	16	D10037_T73	89	37	3=1X6=1I2=1I6=	*	0	0	GGTCGAGTCGCACAGCACCT	FFFFFFFFFFFFFFFFFFFF	NH:i:1	HI:i:1	IH:i:1	NM:i:3
A00783:1432:HMNG7DRX3:2:2211:18602:8531 1:N:0:CCGTGAGA	16	D10037_T73	89	37	3=1X6=1I2=1I6=	*	0	0	GGTCGAGTCGCACAGCACCT	FFFFFFFFFFFFFFFFFFFF	NH:i:1	HI:i:1	IH:i:1	NM:i:3
A00783:1432:HMNG7DRX3:2:2219:30635:5603 1:N:0:CCGTGAGA	16	D10037_T73	89	37	3=1X6=1I2=1I6=	*	0	0	GGTCGAGTCGCACAGCACCT	FFFFFFFFFFFFFFFFFFFF	NH:i:1	HI:i:1	IH:i:1	NM:i:3
A00783:1432:HMNG7DRX3:2:2219:10022:15843 1:N:0:CCGTGAGA	16	D10037_T73	89	37	3=1X6=1I2=1I6=	*	0	0	GGTCGAGTCGCACAGCACCT	FFFFFFFFFFFFFFFFFFFF	NH:i:1	HI:i:1	IH:i:1	NM:i:3
A00783:1432:HMNG7DRX3:2:2223:24334:4805 1:N:0:CCGTGAGA	16	D10037_T73	89	37	3=1X6=1I2=1I6=	*	0	0	GGTCGAGTCGCACAGCACCT	FFFFFFFFFFFFFFFFFFFF	NH:i:1	HI:i:1	IH:i:1	NM:i:3
A00783:1432:HMNG7DRX3:2:2226:28131:20807 1:N:0:CCGTGAGA	16	D10037_T73	89	37	3=1X6=1I2=1I6=	*	0	0	GGTCGAGTCGCACAGCACCT	FFFFFFFFFFFFFFFFFFFF	NH:i:1	HI:i:1	IH:i:1	NM:i:3
A00783:1432:HMNG7DRX3:2:2228:24343:2879 1:N:0:CCGTGAGA	16	D10037_T73	89	37	3=1X6=1I2=1I6=	*	0	0	GGTCGAGTCGCACAGCACCT	FFFFFFFFFFFFFFFFFFFF	NH:i:1	HI:i:1	IH:i:1	NM:i:3
A00783:1432:HMNG7DRX3:2:2231:12391:10363 1:N:0:CCGTGAGA	16	D10037_T73	89	37	3=1X6=1I2=1I6=	*	0	0	GGTCGAGTCGCACAGCACCT	FFFFFFFFFFFFFFFFFFFF	NH:i:1	HI:i:1	IH:i:1	NM:i:3
A00783:1432:HMNG7DRX3:2:2232:11460:8249 1:N:0:CCGTGAGA	16	D10037_T73	89	37	3=1X6=1I2=1I6=	*	0	0	GGTCGAGTCGCACAGCACCT	FFFFFFFFFFFFFFFFFFFF	NH:i:1	HI:i:1	IH:i:1	NM:i:3
A00783:1432:HMNG7DRX3:2:2239:20555:1078 1:N:0:CCGTGAGA	16	D10037_T73	89	37	3=1X6=1I2=1I6=	*	0	0	GGTCGAGTCGCACAGCACCT	FFFFFFFFFFFFFFFFFFFF	NH:i:1	HI:i:1	IH:i:1	NM:i:3
A00783:1432:HMNG7DRX3:2:2243:27389:11443 1:N:0:CCGTGAGA	16	D10037_T73	89	37	3=1X6=1I2=1I6=	*	0	0	GGTCGAGTCGCACAGCACCT	FFFFFFFFFFFFFFFFFFFF	NH:i:1	HI:i:1	IH:i:1	NM:i:3
A00783:1432:HMNG7DRX3:2:2246:26838:3912 1:N:0:CCGTGAGA	16	D10037_T73	89	37	3=1X6=1I2=1I6=	*	0	0	GGTCGAGTCGCACAGCACCT	FFFFFFFFFFFFFFFFFFFF	NH:i:1	HI:i:1	IH:i:1	NM:i:3
A00783:1432:HMNG7DRX3:2:2248:20500:29418 1:N:0:CCGTGAGA	16	D10037_T73	89	37	3=1X6=1I2=1I6=	*	0	0	GGTCGAGTCGCACAGCACCT	FFFFFFFFFFFFFFFFFFFF	NH:i:1	HI:i:1	IH:i:1	NM:i:3
A00783:1432:HMNG7DRX3:2:2248:19361:30984 1:N:0:CCGTGAGA	16	D10037_T73	89	37	3=1X6=1I2=1I6=	*	0	0	GGTCGAGTCGCACAGCACCT	FFFFFFFFFFFFFFFFFFFF	NH:i:1	HI:i:1	IH:i:1	NM:i:3
A00783:1432:HMNG7DRX3:2:2249:28736:14309 1:N:0:CCGTGAGA	16	D10037_T73	89	37	3=1X6=1I2=1I6=	*	0	0	GGTCGAGTCGCACAGCACCT	FFFFFFFFFFFFFFFFFFFF	NH:i:1	HI:i:1	IH:i:1	NM:i:3
A00783:1432:HMNG7DRX3:2:2249:24379:17942 1:N:0:CCGTGAGA	16	D10037_T73	89	37	3=1X6=1I2=1I6=	*	0	0	GGTCGAGTCGCACAGCACCT	FFFFFFFFFFFFFFFFFFFF	NH:i:1	HI:i:1	IH:i:1	NM:i:3
A00783:1432:HMNG7DRX3:2:2251:14009:12947 1:N:0:CCGTGAGA	16	D10037_T73	89	37	3=1X6=1I2=1I6=	*	0	0	GGTCGAGTCGCACAGCACCT	FFFFFFFFFFFFFFFFFFFF	NH:i:1	HI:i:1	IH:i:1	NM:i:3
A00783:1432:HMNG7DRX3:2:2251:28546:13949 1:N:0:CCGTGAGA	16	D10037_T73	89	37	3=1X6=1I2=1I6=	*	0	0	GGTCGAGTCGCACAGCACCT	FFFFFFFFFFFFFFFFFFFF	NH:i:1	HI:i:1	IH:i:1	NM:i:3
A00783:1432:HMNG7DRX3:2:2252:8965:2895 1:N:0:CCGTGAGA	16	D10037_T73	89	37	3=1X6=1I2=1I6=	*	0	0	GGTCGAGTCGCACAGCACCT	FFFFFFFFFFFFFFFFFFFF	NH:i:1	HI:i:1	IH:i:1	NM:i:3
A00783:1432:HMNG7DRX3:2:2253:10954:34147 1:N:0:CCGTGAGA	16	D10037_T73	89	37	3=1X6=1I2=1I6=	*	0	0	GGTCGAGTCGCACAGCACCT	FFFFFFFFFFFFFFFFFFFF	NH:i:1	HI:i:1	IH:i:1	NM:i:3
A00783:1432:HMNG7DRX3:2:2256:11062:32831 1:N:0:CCGTGAGA	16	D10037_T73	89	37	3=1X6=1I2=1I6=	*	0	0	GGTCGAGTCGCACAGCACCT	FFFFFFFFFFFFFFFFFFFF	NH:i:1	HI:i:1	IH:i:1	NM:i:3
A00783:1432:HMNG7DRX3:2:2257:20618:1564 1:N:0:CCGTGAGA	16	D10037_T73	89	37	3=1X6=1I2=1I6=	*	0	0	GGTCGAGTCGCACAGCACCT	FFFFFFFFFFFFFFFFFFFF	NH:i:1	HI:i:1	IH:i:1	NM:i:3
A00783:1432:HMNG7DRX3:2:2262:29116:11052 1:N:0:CCGTGAGA	16	D10037_T73	89	37	3=1X6=1I2=1I6=	*	0	0	GGTCGAGTCGCACAGCACCT	FFFFFFFFFFFFFFFFFFFF	NH:i:1	HI:i:1	IH:i:1	NM:i:3
A00783:1432:HMNG7DRX3:2:2263:13042:37043 1:N:0:CCGTGAGA	16	D10037_T73	89	37	3=1X6=1I2=1I6=	*	0	0	GGTCGAGTCGCACAGCACCT	FFFFFFFFFFFFFFFFFFFF	NH:i:1	HI:i:1	IH:i:1	NM:i:3
A00783:1432:HMNG7DRX3:2:2264:11098:1266 1:N:0:CCGTGAGA	16	D10037_T73	89	37	3=1X6=1I2=1I6=	*	0	0	GGTCGAGTCGCACAGCACCT	FFFFFFFFFFFFFFFFFFFF	NH:i:1	HI:i:1	IH:i:1	NM:i:3
A00783:1432:HMNG7DRX3:2:2264:22101:3724 1:N:0:CCGTGAGA	16	D10037_T73	89	37	3=1X6=1I2=1I6=	*	0	0	GGTCGAGTCGCACAGCACCT	FFFFFFFFFFFFFFFFFFFF	NH:i:1	HI:i:1	IH:i:1	NM:i:3
A00783:1432:HMNG7DRX3:2:2265:23818:29716 1:N:0:CCGTGAGA	16	D10037_T73	89	37	3=1X6=1I2=1I6=	*	0	0	GGTCGAGTCGCACAGCACCT	FFFFFFFFFFFFFFFFFFFF	NH:i:1	HI:i:1	IH:i:1	NM:i:3
A00783:1432:HMNG7DRX3:2:2268:18548:7216 1:N:0:CCGTGAGA	16	D10037_T73	89	37	3=1X6=1I2=1I6=	*	0	0	GGTCGAGTCGCACAGCACCT	FFFFFFFFFFFFFFFFFFFF	NH:i:1	HI:i:1	IH:i:1	NM:i:3
A00783:1432:HMNG7DRX3:2:2268:25355:7357 1:N:0:CCGTGAGA	16	D10037_T73	89	37	3=1X6=1I2=1I6=	*	0	0	GGTCGAGTCGCACAGCACCT	FFFFFFFFFFFFFFFFFFFF	NH:i:1	HI:i:1	IH:i:1	NM:i:3
A00783:1432:HMNG7DRX3:2:2274:8513:36839 1:N:0:CCGTGAGA	16	D10037_T73	89	37	3=1X6=1I2=1I6=	*	0	0	GGTCGAGTCGCACAGCACCT	FFFFFFFFFFFFFFFFFFFF	NH:i:1	HI:i:1	IH:i:1	NM:i:3
A00920:1416:HMMJJDRX3:2:2214:19461:17409 1:N:0:CCGTGAGA	16	D10037_T73	89	37	3=1X6=1I2=1I6=	*	0	0	GGTCGAGTCGCACAGCACCT	FFFFFFFFFFFFFFFFFFFF	NH:i:1	HI:i:1	IH:i:1	NM:i:3
A00783:1432:HMNG7DRX3:2:2113:20383:35133 1:N:0:CCGTGAGA	16	D10037_T73	89	37	3=1X7=1I1=1I6=	*	0	0	GGTCGAGTCGAACAGCACCT	FFFFFFFFFFFFFFFFFFFF	NH:i:1	HI:i:1	IH:i:1	NM:i:3
A00783:1432:HMNG7DRX3:2:2212:21621:32988 1:N:0:CCGTGAGA	16	D10037_T73	89	37	3=1X7=1I1=1I6=	*	0	0	GGTCGAGTCGAACAGCACCT	FFFFFFFFFFFFFFFFFFFF	NH:i:1	HI:i:1	IH:i:1	NM:i:3
A00783:1432:HMNG7DRX3:2:2108:6976:18928 1:N:0:CCGTGAGA	16	D10037_T73	88	37	4=1X6=1I2=1I6=	*	0	0	GGGTCGAGTCGCACAGCACCT	FFFFFFFFFFFFFFFFFFFFF	NH:i:1	HI:i:1	IH:i:1	NM:i:3
A00783:1432:HMNG7DRX3:2:2150:22164:5055 1:N:0:CCGTGAGA	16	D10037_T73	88	37	4=1X6=1I2=1I6=	*	0	0	GGGTCGAGTCGCACAGCACCT	FFFFFFFFFFFFFFFFFFFFF	NH:i:1	HI:i:1	IH:i:1	NM:i:3
A00783:1432:HMNG7DRX3:2:2156:32443:28588 1:N:0:CCGTGAGA	16	D10037_T73	88	37	4=1X6=1I2=1I6=	*	0	0	GGGTCGAGTCGCACAGCACCT	FFFFFFFFFFFFFFFFFFFFF	NH:i:1	HI:i:1	IH:i:1	NM:i:3
A00783:1432:HMNG7DRX3:2:2156:20862:33426 1:N:0:CCGTGAGA	16	D10037_T73	88	37	4=1X6=1I2=1I6=	*	0	0	GGGTCGAGTCGCACAGCACCT	FFFFFFFFFFFFFFFFFFFFF	NH:i:1	HI:i:1	IH:i:1	NM:i:3
A00783:1432:HMNG7DRX3:2:2165:20763:9330 1:N:0:CCGTGAGA	16	D10037_T73	88	37	4=1X6=1I2=1I6=	*	0	0	GGGTCGAGTCGCACAGCACCT	FFFFFFFFFFFFFFFFFFFFF	NH:i:1	HI:i:1	IH:i:1	NM:i:3
A00783:1432:HMNG7DRX3:2:2168:18150:34804 1:N:0:CCGTGAGA	16	D10037_T73	88	37	4=1X6=1I2=1I6=	*	0	0	GGGTCGAGTCGCACAGCACCT	FFFFFFFFFFFFFFFFFFFFF	NH:i:1	HI:i:1	IH:i:1	NM:i:3
A00783:1432:HMNG7DRX3:2:2174:2193:7138 1:N:0:CCGTGAGA	16	D10037_T73	88	37	4=1X6=1I2=1I6=	*	0	0	GGGTCGAGTCGCACAGCACCT	FFFFFFFFFFFFFFFFFFFFF	NH:i:1	HI:i:1	IH:i:1	NM:i:3
A00783:1432:HMNG7DRX3:2:2208:18855:7623 1:N:0:CCGTGAGA	16	D10037_T73	88	37	4=1X6=1I2=1I6=	*	0	0	GGGTCGAGTCGCACAGCACCT	FFFFFFFFFFFFFFFFFFFFF	NH:i:1	HI:i:1	IH:i:1	NM:i:3
A00783:1432:HMNG7DRX3:2:2208:21314:27445 1:N:0:CCGTGAGA	16	D10037_T73	88	37	4=1X6=1I2=1I6=	*	0	0	GGGTCGAGTCGCACAGCACCT	FFFFFFFFFFFFFFFFFFFFF	NH:i:1	HI:i:1	IH:i:1	NM:i:3
A00783:1432:HMNG7DRX3:2:2222:25382:27164 1:N:0:CCGTGAGA	16	D10037_T73	88	37	4=1X6=1I2=1I6=	*	0	0	GGGTCGAGTCGCACAGCACCT	FFFFFFFFFFFFFFFFFFFFF	NH:i:1	HI:i:1	IH:i:1	NM:i:3
A00783:1432:HMNG7DRX3:2:2231:31810:10927 1:N:0:CCGTGAGA	16	D10037_T73	88	37	4=1X6=1I2=1I6=	*	0	0	GGGTCGAGTCGCACAGCACCT	FFFFFFFFFFFFFFFFFFFFF	NH:i:1	HI:i:1	IH:i:1	NM:i:3
A00783:1432:HMNG7DRX3:2:2249:13810:25942 1:N:0:CCGTGAGA	16	D10037_T73	88	37	4=1X6=1I2=1I6=	*	0	0	GGGTCGAGTCGCACAGCACCT	FFFFFFFFFFFFFFFFFFFFF	NH:i:1	HI:i:1	IH:i:1	NM:i:3
A00783:1432:HMNG7DRX3:2:2249:14027:26068 1:N:0:CCGTGAGA	16	D10037_T73	88	37	4=1X6=1I2=1I6=	*	0	0	GGGTCGAGTCGCACAGCACCT	FFFFFFFFFFFFFFFFFFFFF	NH:i:1	HI:i:1	IH:i:1	NM:i:3
A00783:1432:HMNG7DRX3:2:2249:16685:29543 1:N:0:CCGTGAGA	16	D10037_T73	88	37	4=1X6=1I2=1I6=	*	0	0	GGGTCGAGTCGCACAGCACCT	FFFFFFFFFFFFFFFFFFFFF	NH:i:1	HI:i:1	IH:i:1	NM:i:3
A00783:1432:HMNG7DRX3:2:2250:13123:1141 1:N:0:CCGTGAGA	16	D10037_T73	88	37	4=1X6=1I2=1I6=	*	0	0	GGGTCGAGTCGCACAGCACCT	FFFFFFFFFFFFFFFFFFFFF	NH:i:1	HI:i:1	IH:i:1	NM:i:3
A00783:1432:HMNG7DRX3:2:2275:6741:22498 1:N:0:CCGTGAGA	16	D10037_T73	88	37	4=1X6=1I2=1I6=	*	0	0	GGGTCGAGTCGCACAGCACCT	FFFFFFFFFFFFFFFFFFFFF	NH:i:1	HI:i:1	IH:i:1	NM:i:3
A00783:1432:HMNG7DRX3:2:2120:14371:28291 1:N:0:CCGTGAGA	16	D10037_T73	295	0	5=1I4=1X6=1I2=	*	0	0	GCTGAATCTCAGTGAATCGT	FFFFFFFFFFFFFFFFFFFF	NH:i:2	HI:i:1	IH:i:2	NM:i:3
A00783:1432:HMNG7DRX3:2:2231:10936:23218 1:N:0:CCGTGAGA	16	D10037_T73	295	0	5=1I4=1X6=1I2=	*	0	0	GCTGAATCTCAGTGAATCGT	FFFFFFFFFFFFFFFFFFFF	NH:i:2	HI:i:1	IH:i:2	NM:i:3
A00783:1432:HMNG7DRX3:2:2120:14371:28291 1:N:0:CCGTGAGA	272	Ysat	329	0	5=1I4=1X6=1I2=	*	0	0	GCTGAATCTCAGTGAATCGT	FFFFFFFFFFFFFFFFFFFF	NH:i:2	HI:i:2	IH:i:2	NM:i:3
A00783:1432:HMNG7DRX3:2:2231:10936:23218 1:N:0:CCGTGAGA	272	Ysat	329	0	5=1I4=1X6=1I2=	*	0	0	GCTGAATCTCAGTGAATCGT	FFFFFFFFFFFFFFFFFFFF	NH:i:2	HI:i:2	IH:i:2	NM:i:3
A00783:1432:HMNG7DRX3:2:2170:31783:26976 1:N:0:CCGTGAGA	16	Ysat	298	37	3=1I6=1X9=1I	*	0	0	GCAGCGCAGGAAGAAGCTAAA	FFFFFFFFFFFFFFFFFFFFF	NH:i:1	HI:i:1	IH:i:1	NM:i:3
A00783:1432:HMNG7DRX3:2:2207:6994:20055 1:N:0:CCGTGAGA	16	Ysat	298	37	3=1I6=1X9=1I	*	0	0	GCAGCGCAGGAAGAAGCTAAA	FFFFFFFFFFFFFFFFFFFFF	NH:i:1	HI:i:1	IH:i:1	NM:i:3
A00783:1432:HMNG7DRX3:2:2274:18159:12555 1:N:0:CCGTGAGA	16	Ysat	298	37	3=1I6=1X9=1I	*	0	0	GCAGCGCAGGAAGAAGCTAAA	FFFFFFFFFFFFFFFFFFFFF	NH:i:1	HI:i:1	IH:i:1	NM:i:3
A00920:1416:HMMJJDRX3:2:2225:29577:1736 1:N:0:CCGTGAGA	16	Ysat	298	37	3=1I6=1X9=1I	*	0	0	GCAGCGCAGGAAGAAGCTAAA	FFFFFFFFFFFFFFFFFFFFF	NH:i:1	HI:i:1	IH:i:1	NM:i:3
A00920:1416:HMMJJDRX3:2:2226:31367:10598 1:N:0:CCGTGAGA	16	Ysat	298	37	3=1I6=1X9=1I	*	0	0	GCAGCGCAGGAAGAAGCTAAA	FFFFFFFFFFFFFFFFFFFFF	NH:i:1	HI:i:1	IH:i:1	NM:i:3
A00783:1432:HMNG7DRX3:2:2104:27670:5979 1:N:0:CCGTGAGA	16	D10037_T73	199	0	4=1I5=1I8=1I	*	0	0	GCACCATGGTCTCGCCGTTT	FFFFFFFFFFFFFFFFFFFF	NH:i:2	HI:i:1	IH:i:2	NM:i:3
A00783:1432:HMNG7DRX3:2:2104:27633:13056 1:N:0:CCGTGAGA	16	D10037_T73	199	0	4=1I5=1I8=1I	*	0	0	GCACCATGGTCTCGCCGTTT	FFFFFFFFFFFFFFFFFFFF	NH:i:2	HI:i:1	IH:i:2	NM:i:3
A00783:1432:HMNG7DRX3:2:2112:4182:8077 1:N:0:CCGTGAGA	16	D10037_T73	199	0	4=1I5=1I8=1I	*	0	0	GCACCATGGTCTCGCCGTTT	FFFFFFFFFFFFFFFFFFFF	NH:i:2	HI:i:1	IH:i:2	NM:i:3
A00783:1432:HMNG7DRX3:2:2135:4725:18599 1:N:0:CCGTGAGA	16	D10037_T73	199	0	4=1I5=1I8=1I	*	0	0	GCACCATGGTCTCGCCGTTT	FFFFFFFFFFFFFFFFFFFF	NH:i:2	HI:i:1	IH:i:2	NM:i:3
A00783:1432:HMNG7DRX3:2:2149:29604:18349 1:N:0:CCGTGAGA	16	D10037_T73	199	0	4=1I5=1I8=1I	*	0	0	GCACCATGGTCTCGCCGTTT	FFFFFFFFFFFFFFFFFFFF	NH:i:2	HI:i:1	IH:i:2	NM:i:3
A00783:1432:HMNG7DRX3:2:2152:19678:25238 1:N:0:CCGTGAGA	16	D10037_T73	199	0	4=1I5=1I8=1I	*	0	0	GCACCATGGTCTCGCCGTTT	FFFFFFFFFFFFFFFFFFFF	NH:i:2	HI:i:1	IH:i:2	NM:i:3
A00783:1432:HMNG7DRX3:2:2239:9670:28573 1:N:0:CCGTGAGA	16	D10037_T73	199	0	4=1I5=1I8=1I	*	0	0	GCACCATGGTCTCGCCGTTT	FFFFFFFFFFFFFFFFFFFF	NH:i:2	HI:i:1	IH:i:2	NM:i:3
A00783:1432:HMNG7DRX3:2:2104:27670:5979 1:N:0:CCGTGAGA	16	Ysat	233	0	4=1I5=1I8=1I	*	0	0	GCACCATGGTCTCGCCGTTT	FFFFFFFFFFFFFFFFFFFF	NH:i:2	HI:i:2	IH:i:2	NM:i:3
A00783:1432:HMNG7DRX3:2:2104:27633:13056 1:N:0:CCGTGAGA	16	Ysat	233	0	4=1I5=1I8=1I	*	0	0	GCACCATGGTCTCGCCGTTT	FFFFFFFFFFFFFFFFFFFF	NH:i:2	HI:i:2	IH:i:2	NM:i:3
A00783:1432:HMNG7DRX3:2:2112:4182:8077 1:N:0:CCGTGAGA	16	Ysat	233	0	4=1I5=1I8=1I	*	0	0	GCACCATGGTCTCGCCGTTT	FFFFFFFFFFFFFFFFFFFF	NH:i:2	HI:i:2	IH:i:2	NM:i:3
A00783:1432:HMNG7DRX3:2:2135:4725:18599 1:N:0:CCGTGAGA	16	Ysat	233	0	4=1I5=1I8=1I	*	0	0	GCACCATGGTCTCGCCGTTT	FFFFFFFFFFFFFFFFFFFF	NH:i:2	HI:i:2	IH:i:2	NM:i:3
A00783:1432:HMNG7DRX3:2:2149:29604:18349 1:N:0:CCGTGAGA	16	Ysat	233	0	4=1I5=1I8=1I	*	0	0	GCACCATGGTCTCGCCGTTT	FFFFFFFFFFFFFFFFFFFF	NH:i:2	HI:i:2	IH:i:2	NM:i:3
A00783:1432:HMNG7DRX3:2:2152:19678:25238 1:N:0:CCGTGAGA	16	Ysat	233	0	4=1I5=1I8=1I	*	0	0	GCACCATGGTCTCGCCGTTT	FFFFFFFFFFFFFFFFFFFF	NH:i:2	HI:i:2	IH:i:2	NM:i:3
A00783:1432:HMNG7DRX3:2:2239:9670:28573 1:N:0:CCGTGAGA	16	Ysat	233	0	4=1I5=1I8=1I	*	0	0	GCACCATGGTCTCGCCGTTT	FFFFFFFFFFFFFFFFFFFF	NH:i:2	HI:i:2	IH:i:2	NM:i:3
A00783:1432:HMNG7DRX3:2:2139:26992:21903 1:N:0:CCGTGAGA	0	Ysat	37	37	5=1X1I8=1I4=	*	0	0	TCTGCATTGAGGATCTCATC	FFFFFFFFFFFFFFFFFFFF	NH:i:1	HI:i:1	IH:i:1	NM:i:3
A00783:1432:HMNG7DRX3:2:2154:24514:20087 1:N:0:CCGTGAGA	0	Ysat	37	37	5=1X1I8=1I4=	*	0	0	TCTGCATTGAGGATCTCATC	FFFFFFFFFFFFFFFFFFFF	NH:i:1	HI:i:1	IH:i:1	NM:i:3
A00783:1432:HMNG7DRX3:2:2154:23592:25880 1:N:0:CCGTGAGA	0	Ysat	37	37	5=1X1I8=1I4=	*	0	0	TCTGCATTGAGGATCTCATC	FFFFFFFFFFFFFFFFFFFF	NH:i:1	HI:i:1	IH:i:1	NM:i:3
A00783:1432:HMNG7DRX3:2:2275:12707:5243 1:N:0:CCGTGAGA	0	Ysat	37	37	5=1X1I8=1I4=	*	0	0	TCTGCATTGAGGATCTCATC	FFFFFFFFFFFFFFFFFFFF	NH:i:1	HI:i:1	IH:i:1	NM:i:3
A00783:1432:HMNG7DRX3:2:2157:24985:18333 1:N:0:CCGTGAGA	16	D10037_T73	87	37	5=1X6=1I2=1I6=	*	0	0	CGGGTGGAGTCGCACAGCACCT	FFFFFFFFFFFFFFFFFFFFFF	NH:i:1	HI:i:1	IH:i:1	NM:i:3
A00783:1432:HMNG7DRX3:2:2251:2202:3740 1:N:0:CCGTGAGA	16	D10037_T73	87	37	5=1X6=1I2=1I6=	*	0	0	CGGGTGGAGTCGCACAGCACCT	FFFFFFFFFFFFFFFFFFFFFF	NH:i:1	HI:i:1	IH:i:1	NM:i:3
A00783:1432:HMNG7DRX3:2:2101:24026:16924 1:N:0:CCGTGAGA	16	D10037_T73	87	37	5=1X6=1I2=1I4=	*	0	0	CGGGTCGAGTCGCACAGCAC	FFFFFFFFFFFFFFFFFFFF	NH:i:1	HI:i:1	IH:i:1	NM:i:3
A00783:1432:HMNG7DRX3:2:2105:5195:13589 1:N:0:CCGTGAGA	16	D10037_T73	87	37	5=1X6=1I2=1I4=	*	0	0	CGGGTCGAGTCGCACAGCAC	FFFFFFFFFFFFFFFFFFFF	NH:i:1	HI:i:1	IH:i:1	NM:i:3
A00783:1432:HMNG7DRX3:2:2107:32886:32393 1:N:0:CCGTGAGA	16	D10037_T73	87	37	5=1X6=1I2=1I4=	*	0	0	CGGGTCGAGTCGCACAGCAC	FFFFFFFFFFFFFFFFFFFF	NH:i:1	HI:i:1	IH:i:1	NM:i:3
A00783:1432:HMNG7DRX3:2:2107:32868:35243 1:N:0:CCGTGAGA	16	D10037_T73	87	37	5=1X6=1I2=1I4=	*	0	0	CGGGTCGAGTCGCACAGCAC	FFFFFFFFFFFFFFFFFFFF	NH:i:1	HI:i:1	IH:i:1	NM:i:3
A00783:1432:HMNG7DRX3:2:2108:29604:29872 1:N:0:CCGTGAGA	16	D10037_T73	87	37	5=1X6=1I2=1I4=	*	0	0	CGGGTCGAGTCGCACAGCAC	FFFFFFFFFFFFFFFFFFFF	NH:i:1	HI:i:1	IH:i:1	NM:i:3
A00783:1432:HMNG7DRX3:2:2118:26883:23907 1:N:0:CCGTGAGA	16	D10037_T73	87	37	5=1X6=1I2=1I4=	*	0	0	CGGGTCGAGTCGCACAGCAC	FFFFFFFFFFFFFFFFFFFF	NH:i:1	HI:i:1	IH:i:1	NM:i:3
A00783:1432:HMNG7DRX3:2:2119:20916:21903 1:N:0:CCGTGAGA	16	D10037_T73	87	37	5=1X6=1I2=1I4=	*	0	0	CGGGTCGAGTCGCACAGCAC	FFFFFFFFFFFFFFFFFFFF	NH:i:1	HI:i:1	IH:i:1	NM:i:3
A00783:1432:HMNG7DRX3:2:2122:14678:16705 1:N:0:CCGTGAGA	16	D10037_T73	87	37	5=1X6=1I2=1I4=	*	0	0	CGGGTCGAGTCGCACAGCAC	FFFFFFFFFFFFFFFFFFFF	NH:i:1	HI:i:1	IH:i:1	NM:i:3
A00783:1432:HMNG7DRX3:2:2126:21133:3051 1:N:0:CCGTGAGA	16	D10037_T73	87	37	5=1X6=1I2=1I4=	*	0	0	CGGGTCGAGTCGCACAGCAC	FFFFFFFFFFFFFFFFFFFF	NH:i:1	HI:i:1	IH:i:1	NM:i:3
A00783:1432:HMNG7DRX3:2:2131:19117:19069 1:N:0:CCGTGAGA	16	D10037_T73	87	37	5=1X6=1I2=1I4=	*	0	0	CGGGTCGAGTCGCACAGCAC	FFFFFFFFFFFFFFFFFFFF	NH:i:1	HI:i:1	IH:i:1	NM:i:3
A00783:1432:HMNG7DRX3:2:2150:8766:24064 1:N:0:CCGTGAGA	16	D10037_T73	87	37	5=1X6=1I2=1I4=	*	0	0	CGGGTCGAGTCGCACAGCAC	FFFFFFFFFFFFFFFFFFFF	NH:i:1	HI:i:1	IH:i:1	NM:i:3
A00783:1432:HMNG7DRX3:2:2152:20934:2394 1:N:0:CCGTGAGA	16	D10037_T73	87	37	5=1X6=1I2=1I4=	*	0	0	CGGGTCGAGTCGCACAGCAC	FFFFFFFFFFFFFFFFFFFF	NH:i:1	HI:i:1	IH:i:1	NM:i:3
A00783:1432:HMNG7DRX3:2:2153:19488:4930 1:N:0:CCGTGAGA	16	D10037_T73	87	37	5=1X6=1I2=1I4=	*	0	0	CGGGTCGAGTCGCACAGCAC	FFFFFFFFFFFFFFFFFFFF	NH:i:1	HI:i:1	IH:i:1	NM:i:3
A00783:1432:HMNG7DRX3:2:2155:5801:2487 1:N:0:CCGTGAGA	16	D10037_T73	87	37	5=1X6=1I2=1I4=	*	0	0	CGGGTCGAGTCGCACAGCAC	FFFFFFFFFFFFFFFFFFFF	NH:i:1	HI:i:1	IH:i:1	NM:i:3
A00783:1432:HMNG7DRX3:2:2164:1190:12665 1:N:0:CCGTGAGA	16	D10037_T73	87	37	5=1X6=1I2=1I4=	*	0	0	CGGGTCGAGTCGCACAGCAC	FFFFFFFFFFFFFFFFFFFF	NH:i:1	HI:i:1	IH:i:1	NM:i:3
A00783:1432:HMNG7DRX3:2:2167:9760:31579 1:N:0:CCGTGAGA	16	D10037_T73	87	37	5=1X6=1I2=1I4=	*	0	0	CGGGTCGAGTCGCACAGCAC	FFFFFFFFFFFFFFFFFFFF	NH:i:1	HI:i:1	IH:i:1	NM:i:3
A00783:1432:HMNG7DRX3:2:2167:9968:32346 1:N:0:CCGTGAGA	16	D10037_T73	87	37	5=1X6=1I2=1I4=	*	0	0	CGGGTCGAGTCGCACAGCAC	FFFFFFFFFFFFFFFFFFFF	NH:i:1	HI:i:1	IH:i:1	NM:i:3
A00783:1432:HMNG7DRX3:2:2170:23222:9298 1:N:0:CCGTGAGA	16	D10037_T73	87	37	5=1X6=1I2=1I4=	*	0	0	CGGGTCGAGTCGCACAGCAC	FFFFFFFFFFFFFFFFFFFF	NH:i:1	HI:i:1	IH:i:1	NM:i:3
A00783:1432:HMNG7DRX3:2:2174:13376:14074 1:N:0:CCGTGAGA	16	D10037_T73	87	37	5=1X6=1I2=1I4=	*	0	0	CGGGTCGAGTCGCACAGCAC	FFFFFFFFFFFFFFFFFFFF	NH:i:1	HI:i:1	IH:i:1	NM:i:3
A00783:1432:HMNG7DRX3:2:2202:8621:12602 1:N:0:CCGTGAGA	16	D10037_T73	87	37	5=1X6=1I2=1I4=	*	0	0	CGGGTCGAGTCGCACAGCAC	FFFFFFFFFFFFFFFFFFFF	NH:i:1	HI:i:1	IH:i:1	NM:i:3
A00783:1432:HMNG7DRX3:2:2202:19090:32174 1:N:0:CCGTGAGA	16	D10037_T73	87	37	5=1X6=1I2=1I4=	*	0	0	CGGGTCGAGTCGCACAGCAC	FFFFFFFFFFFFFFFFFFFF	NH:i:1	HI:i:1	IH:i:1	NM:i:3
A00783:1432:HMNG7DRX3:2:2213:7355:29230 1:N:0:CCGTGAGA	16	D10037_T73	87	37	5=1X6=1I2=1I4=	*	0	0	CGGGTCGAGTCGCACAGCAC	FFFFFFFFFFFFFFFFFFFF	NH:i:1	HI:i:1	IH:i:1	NM:i:3
A00783:1432:HMNG7DRX3:2:2213:10502:36276 1:N:0:CCGTGAGA	16	D10037_T73	87	37	5=1X6=1I2=1I4=	*	0	0	CGGGTCGAGTCGCACAGCAC	FFFFFFFFFFFFFFFFFFFF	NH:i:1	HI:i:1	IH:i:1	NM:i:3
A00783:1432:HMNG7DRX3:2:2213:8793:36323 1:N:0:CCGTGAGA	16	D10037_T73	87	37	5=1X6=1I2=1I4=	*	0	0	CGGGTCGAGTCGCACAGCAC	FFFFFFFFFFFFFFFFFFFF	NH:i:1	HI:i:1	IH:i:1	NM:i:3
A00783:1432:HMNG7DRX3:2:2214:21784:31360 1:N:0:CCGTGAGA	16	D10037_T73	87	37	5=1X6=1I2=1I4=	*	0	0	CGGGTCGAGTCGCACAGCAC	FFFFFFFFFFFFFFFFFFFF	NH:i:1	HI:i:1	IH:i:1	NM:i:3
A00783:1432:HMNG7DRX3:2:2218:7726:36354 1:N:0:CCGTGAGA	16	D10037_T73	87	37	5=1X6=1I2=1I4=	*	0	0	CGGGTCGAGTCGCACAGCAC	FFFFFFFFFFFFFFFFFFFF	NH:i:1	HI:i:1	IH:i:1	NM:i:3
A00783:1432:HMNG7DRX3:2:2224:11514:29951 1:N:0:CCGTGAGA	16	D10037_T73	87	37	5=1X6=1I2=1I4=	*	0	0	CGGGTCGAGTCGCACAGCAC	FFFFFFFFFFFFFFFFFFFF	NH:i:1	HI:i:1	IH:i:1	NM:i:3
A00783:1432:HMNG7DRX3:2:2228:12156:16250 1:N:0:CCGTGAGA	16	D10037_T73	87	37	5=1X6=1I2=1I4=	*	0	0	CGGGTCGAGTCGCACAGCAC	FFFFFFFFFFFFFFFFFFFF	NH:i:1	HI:i:1	IH:i:1	NM:i:3
A00783:1432:HMNG7DRX3:2:2235:27914:13792 1:N:0:CCGTGAGA	16	D10037_T73	87	37	5=1X6=1I2=1I4=	*	0	0	CGGGTCGAGTCGCACAGCAC	FFFFFFFFFFFFFFFFFFFF	NH:i:1	HI:i:1	IH:i:1	NM:i:3
A00783:1432:HMNG7DRX3:2:2243:10050:11443 1:N:0:CCGTGAGA	16	D10037_T73	87	37	5=1X6=1I2=1I4=	*	0	0	CGGGTCGAGTCGCACAGCAC	FFFFFFFFFFFFFFFFFFFF	NH:i:1	HI:i:1	IH:i:1	NM:i:3
A00783:1432:HMNG7DRX3:2:2249:2736:4413 1:N:0:CCGTGAGA	16	D10037_T73	87	37	5=1X6=1I2=1I4=	*	0	0	CGGGTCGAGTCGCACAGCAC	FFFFFFFFFFFFFFFFFFFF	NH:i:1	HI:i:1	IH:i:1	NM:i:3
A00783:1432:HMNG7DRX3:2:2249:2591:4789 1:N:0:CCGTGAGA	16	D10037_T73	87	37	5=1X6=1I2=1I4=	*	0	0	CGGGTCGAGTCGCACAGCAC	FFFFFFFFFFFFFFFFFFFF	NH:i:1	HI:i:1	IH:i:1	NM:i:3
A00783:1432:HMNG7DRX3:2:2251:17047:22435 1:N:0:CCGTGAGA	16	D10037_T73	87	37	5=1X6=1I2=1I4=	*	0	0	CGGGTCGAGTCGCACAGCAC	FFFFFFFFFFFFFFFFFFFF	NH:i:1	HI:i:1	IH:i:1	NM:i:3
A00783:1432:HMNG7DRX3:2:2251:4399:31657 1:N:0:CCGTGAGA	16	D10037_T73	87	37	5=1X6=1I2=1I4=	*	0	0	CGGGTCGAGTCGCACAGCAC	FFFFFFFFFFFFFFFFFFFF	NH:i:1	HI:i:1	IH:i:1	NM:i:3
A00783:1432:HMNG7DRX3:2:2257:8874:21308 1:N:0:CCGTGAGA	16	D10037_T73	87	37	5=1X6=1I2=1I4=	*	0	0	CGGGTCGAGTCGCACAGCAC	FFFFFFFFFFFFFFFFFFFF	NH:i:1	HI:i:1	IH:i:1	NM:i:3
A00783:1432:HMNG7DRX3:2:2263:29686:32017 1:N:0:CCGTGAGA	16	D10037_T73	87	37	5=1X6=1I2=1I4=	*	0	0	CGGGTCGAGTCGCACAGCAC	FFFFFFFFFFFFFFFFFFFF	NH:i:1	HI:i:1	IH:i:1	NM:i:3
A00783:1432:HMNG7DRX3:2:2264:16224:18537 1:N:0:CCGTGAGA	16	D10037_T73	87	37	5=1X6=1I2=1I4=	*	0	0	CGGGTCGAGTCGCACAGCAC	FFFFFFFFFFFFFFFFFFFF	NH:i:1	HI:i:1	IH:i:1	NM:i:3
A00783:1432:HMNG7DRX3:2:2271:17842:6590 1:N:0:CCGTGAGA	16	D10037_T73	87	37	5=1X6=1I2=1I4=	*	0	0	CGGGTCGAGTCGCACAGCAC	FFFFFFFFFFFFFFFFFFFF	NH:i:1	HI:i:1	IH:i:1	NM:i:3
A00783:1432:HMNG7DRX3:2:2274:3857:17566 1:N:0:CCGTGAGA	16	D10037_T73	87	37	5=1X6=1I2=1I4=	*	0	0	CGGGTCGAGTCGCACAGCAC	FFFFFFFFFFFFFFFFFFFF	NH:i:1	HI:i:1	IH:i:1	NM:i:3
A00783:1432:HMNG7DRX3:2:2116:12491:2957 1:N:0:CCGTGAGA	16	D10037_T73	87	37	5=1X6=1I2=1I5=	*	0	0	CGGGTCGAGTCGCACAGCACC	FFFFFFFFFFFFFFFFFFFFF	NH:i:1	HI:i:1	IH:i:1	NM:i:3
A00783:1432:HMNG7DRX3:2:2177:25174:6449 1:N:0:CCGTGAGA	16	D10037_T73	87	37	5=1X6=1I2=1I5=	*	0	0	CGGGTCGAGTCGCACAGCACC	FFFFFFFFFFFFFFFFFFFFF	NH:i:1	HI:i:1	IH:i:1	NM:i:3
A00783:1432:HMNG7DRX3:2:2126:12906:34773 1:N:0:CCGTGAGA	16	D10037_T73	87	37	5=1X6=1I2=1I6=	*	0	0	CGGGTCGAGTCGCACAGCACCT	FFFFFFFFFFFFFFFFFFFFFF	NH:i:1	HI:i:1	IH:i:1	NM:i:3
A00783:1432:HMNG7DRX3:2:2127:31656:36777 1:N:0:CCGTGAGA	16	D10037_T73	87	37	5=1X6=1I2=1I6=	*	0	0	CGGGTCGAGTCGCACAGCACCT	FFFFFFFFFFFFFFFFFFFFFF	NH:i:1	HI:i:1	IH:i:1	NM:i:3
A00783:1432:HMNG7DRX3:2:2130:19153:21793 1:N:0:CCGTGAGA	16	D10037_T73	87	37	5=1X6=1I2=1I6=	*	0	0	CGGGTCGAGTCGCACAGCACCT	FFFFFFFFFFFFFFFFFFFFFF	NH:i:1	HI:i:1	IH:i:1	NM:i:3
A00783:1432:HMNG7DRX3:2:2140:32199:22654 1:N:0:CCGTGAGA	16	D10037_T73	87	37	5=1X6=1I2=1I6=	*	0	0	CGGGTCGAGTCGCACAGCACCT	FFFFFFFFFFFFFFFFFFFFFF	NH:i:1	HI:i:1	IH:i:1	NM:i:3
A00783:1432:HMNG7DRX3:2:2151:27597:14246 1:N:0:CCGTGAGA	16	D10037_T73	87	37	5=1X6=1I2=1I6=	*	0	0	CGGGTCGAGTCGCACAGCACCT	FFFFFFFFFFFFFFFFFFFFFF	NH:i:1	HI:i:1	IH:i:1	NM:i:3
A00783:1432:HMNG7DRX3:2:2170:10610:30514 1:N:0:CCGTGAGA	16	D10037_T73	87	37	5=1X6=1I2=1I6=	*	0	0	CGGGTCGAGTCGCACAGCACCT	FFFFFFFFFFFFFFFFFFFFFF	NH:i:1	HI:i:1	IH:i:1	NM:i:3
A00783:1432:HMNG7DRX3:2:2175:9272:34272 1:N:0:CCGTGAGA	16	D10037_T73	87	37	5=1X6=1I2=1I6=	*	0	0	CGGGTCGAGTCGCACAGCACCT	FFFFFFFFFFFFFFFFFFFFFF	NH:i:1	HI:i:1	IH:i:1	NM:i:3
A00783:1432:HMNG7DRX3:2:2212:21305:13651 1:N:0:CCGTGAGA	16	D10037_T73	87	37	5=1X6=1I2=1I6=	*	0	0	CGGGTCGAGTCGCACAGCACCT	FFFFFFFFFFFFFFFFFFFFFF	NH:i:1	HI:i:1	IH:i:1	NM:i:3
A00783:1432:HMNG7DRX3:2:2214:18105:14559 1:N:0:CCGTGAGA	16	D10037_T73	87	37	5=1X6=1I2=1I6=	*	0	0	CGGGTCGAGTCGCACAGCACCT	FFFFFFFFFFFFFFFFFFFFFF	NH:i:1	HI:i:1	IH:i:1	NM:i:3
A00783:1432:HMNG7DRX3:2:2217:13467:16235 1:N:0:CCGTGAGA	16	D10037_T73	87	37	5=1X6=1I2=1I6=	*	0	0	CGGGTCGAGTCGCACAGCACCT	FFFFFFFFFFFFFFFFFFFFFF	NH:i:1	HI:i:1	IH:i:1	NM:i:3
A00783:1432:HMNG7DRX3:2:2224:16830:7435 1:N:0:CCGTGAGA	16	D10037_T73	87	37	5=1X6=1I2=1I6=	*	0	0	CGGGTCGAGTCGCACAGCACCT	FFFFFFFFFFFFFFFFFFFFFF	NH:i:1	HI:i:1	IH:i:1	NM:i:3
A00783:1432:HMNG7DRX3:2:2241:25644:11334 1:N:0:CCGTGAGA	16	D10037_T73	87	37	5=1X6=1I2=1I6=	*	0	0	CGGGTCGAGTCGCACAGCACCT	FFFFFFFFFFFFFFFFFFFFFF	NH:i:1	HI:i:1	IH:i:1	NM:i:3
A00783:1432:HMNG7DRX3:2:2241:23294:12774 1:N:0:CCGTGAGA	16	D10037_T73	87	37	5=1X6=1I2=1I6=	*	0	0	CGGGTCGAGTCGCACAGCACCT	FFFFFFFFFFFFFFFFFFFFFF	NH:i:1	HI:i:1	IH:i:1	NM:i:3
A00783:1432:HMNG7DRX3:2:2246:4761:17127 1:N:0:CCGTGAGA	16	D10037_T73	87	37	5=1X6=1I2=1I6=	*	0	0	CGGGTCGAGTCGCACAGCACCT	FFFFFFFFFFFFFFFFFFFFFF	NH:i:1	HI:i:1	IH:i:1	NM:i:3
A00783:1432:HMNG7DRX3:2:2246:7374:18521 1:N:0:CCGTGAGA	16	D10037_T73	87	37	5=1X6=1I2=1I6=	*	0	0	CGGGTCGAGTCGCACAGCACCT	FFFFFFFFFFFFFFFFFFFFFF	NH:i:1	HI:i:1	IH:i:1	NM:i:3
A00783:1432:HMNG7DRX3:2:2248:7690:3818 1:N:0:CCGTGAGA	16	D10037_T73	87	37	5=1X6=1I2=1I6=	*	0	0	CGGGTCGAGTCGCACAGCACCT	FFFFFFFFFFFFFFFFFFFFFF	NH:i:1	HI:i:1	IH:i:1	NM:i:3
A00783:1432:HMNG7DRX3:2:2248:7943:3881 1:N:0:CCGTGAGA	16	D10037_T73	87	37	5=1X6=1I2=1I6=	*	0	0	CGGGTCGAGTCGCACAGCACCT	FFFFFFFFFFFFFFFFFFFFFF	NH:i:1	HI:i:1	IH:i:1	NM:i:3
A00783:1432:HMNG7DRX3:2:2250:16179:31579 1:N:0:CCGTGAGA	16	D10037_T73	87	37	5=1X6=1I2=1I6=	*	0	0	CGGGTCGAGTCGCACAGCACCT	FFFFFFFFFFFFFFFFFFFFFF	NH:i:1	HI:i:1	IH:i:1	NM:i:3
A00783:1432:HMNG7DRX3:2:2252:2889:14669 1:N:0:CCGTGAGA	16	D10037_T73	87	37	5=1X6=1I2=1I6=	*	0	0	CGGGTCGAGTCGCACAGCACCT	FFFFFFFFFFFFFFFFFFFFFF	NH:i:1	HI:i:1	IH:i:1	NM:i:3
A00783:1432:HMNG7DRX3:2:2253:18964:5024 1:N:0:CCGTGAGA	16	D10037_T73	87	37	5=1X6=1I2=1I6=	*	0	0	CGGGTCGAGTCGCACAGCACCT	FFFFFFFFFFFFFFFFFFFFFF	NH:i:1	HI:i:1	IH:i:1	NM:i:3
A00783:1432:HMNG7DRX3:2:2253:19190:7232 1:N:0:CCGTGAGA	16	D10037_T73	87	37	5=1X6=1I2=1I6=	*	0	0	CGGGTCGAGTCGCACAGCACCT	FFFFFFFFFFFFFFFFFFFFFF	NH:i:1	HI:i:1	IH:i:1	NM:i:3
A00783:1432:HMNG7DRX3:2:2257:23086:12289 1:N:0:CCGTGAGA	16	D10037_T73	87	37	5=1X6=1I2=1I6=	*	0	0	CGGGTCGAGTCGCACAGCACCT	FFFFFFFFFFFFFFFFFFFFFF	NH:i:1	HI:i:1	IH:i:1	NM:i:3
A00783:1432:HMNG7DRX3:2:2259:7166:6887 1:N:0:CCGTGAGA	16	D10037_T73	87	37	5=1X6=1I2=1I6=	*	0	0	CGGGTCGAGTCGCACAGCACCT	FFFFFFFFFFFFFFFFFFFFFF	NH:i:1	HI:i:1	IH:i:1	NM:i:3
A00783:1432:HMNG7DRX3:2:2267:26115:13463 1:N:0:CCGTGAGA	16	D10037_T73	87	37	5=1X6=1I2=1I6=	*	0	0	CGGGTCGAGTCGCACAGCACCT	FFFFFFFFFFFFFFFFFFFFFF	NH:i:1	HI:i:1	IH:i:1	NM:i:3
A00783:1432:HMNG7DRX3:2:2269:12400:16673 1:N:0:CCGTGAGA	16	D10037_T73	87	37	5=1X6=1I2=1I6=	*	0	0	CGGGTCGAGTCGCACAGCACCT	FFFFFFFFFFFFFFFFFFFFFF	NH:i:1	HI:i:1	IH:i:1	NM:i:3
A00783:1432:HMNG7DRX3:2:2271:14696:6840 1:N:0:CCGTGAGA	16	D10037_T73	87	37	5=1X6=1I2=1I6=	*	0	0	CGGGTCGAGTCGCACAGCACCT	FFFFFFFFFFFFFFFFFFFFFF	NH:i:1	HI:i:1	IH:i:1	NM:i:3
A00783:1432:HMNG7DRX3:2:2130:10493:10175 1:N:0:CCGTGAGA	16	D10037_T73	87	37	5=1X7=1I1=1I5=	*	0	0	CGGGTCGAGTCGAACAGCACC	FFFFFFFFFFFFFFFFFFFFF	NH:i:1	HI:i:1	IH:i:1	NM:i:3
A00783:1432:HMNG7DRX3:2:2205:31042:9189 1:N:0:CCGTGAGA	16	D10037_T73	87	37	5=1X7=1I1=1I5=	*	0	0	CGGGTCGAGTCGAACAGCACC	FFFFFFFFFFFFFFFFFFFFF	NH:i:1	HI:i:1	IH:i:1	NM:i:3
A00783:1432:HMNG7DRX3:2:2126:28565:18959 1:N:0:CCGTGAGA	16	D10037_T73	87	37	5=1X6=1I2=1I4=	*	0	0	CGGGTAGAGTCGCACAGCAC	FFFFFFFFFFFFFFFFFFFF	NH:i:1	HI:i:1	IH:i:1	NM:i:3
A00783:1432:HMNG7DRX3:2:2133:5358:20917 1:N:0:CCGTGAGA	0	Ysat	322	37	1=1I4=1I3=1X9=	*	0	0	ATTGCTGATGATGATCTCCG	FFFFFFFFFFFFFFFFFFFF	NH:i:1	HI:i:1	IH:i:1	NM:i:3
A00783:1432:HMNG7DRX3:2:2123:20880:36088 1:N:0:CCGTGAGA	0	Ysat	110	38	4=1I6=1D9=	*	0	0	TGGACGGCGGGTGTCTGCGG	FFFFFFFFFFFFFFFFFFFF	NH:i:1	HI:i:1	IH:i:1	NM:i:2
A00783:1432:HMNG7DRX3:2:2255:2618:16329 1:N:0:CCGTGAGA	0	Ysat	110	38	4=1I6=1D9=	*	0	0	TGGACGGCGGGTGTCTGCGG	FFFFFFFFFFFFFFFFFFFF	NH:i:1	HI:i:1	IH:i:1	NM:i:2
A00783:1432:HMNG7DRX3:2:2112:11984:15045 1:N:0:CCGTGAGA	0	D10037_T73	96	37	6=1D8=1X1=1I3=	*	0	0	TCGACGACCTCGGAATCGGG	FFFFFFFFFFFFFFFFFFFF	NH:i:1	HI:i:1	IH:i:1	NM:i:3
A00783:1432:HMNG7DRX3:2:2130:2230:30906 1:N:0:CCGTGAGA	0	D10037_T73	96	37	6=1D8=1X1=1I3=	*	0	0	TCGACGACCTCGGAATCGGG	FFFFFFFFFFFFFFFFFFFF	NH:i:1	HI:i:1	IH:i:1	NM:i:3
A00783:1432:HMNG7DRX3:2:2131:24957:25582 1:N:0:CCGTGAGA	0	D10037_T73	96	37	6=1D8=1X1=1I3=	*	0	0	TCGACGACCTCGGAATCGGG	FFFFFFFFFFFFFFFFFFFF	NH:i:1	HI:i:1	IH:i:1	NM:i:3
A00783:1432:HMNG7DRX3:2:2132:16495:11397 1:N:0:CCGTGAGA	0	D10037_T73	96	37	6=1D8=1X1=1I3=	*	0	0	TCGACGACCTCGGAATCGGG	FFFFFFFFFFFFFFFFFFFF	NH:i:1	HI:i:1	IH:i:1	NM:i:3
A00783:1432:HMNG7DRX3:2:2227:5493:4711 1:N:0:CCGTGAGA	0	D10037_T73	96	37	6=1D8=1X1=1I3=	*	0	0	TCGACGACCTCGGAATCGGG	FFFFFFFFFFFFFFFFFFFF	NH:i:1	HI:i:1	IH:i:1	NM:i:3
A00783:1432:HMNG7DRX3:2:2229:32877:22232 1:N:0:CCGTGAGA	0	D10037_T73	96	37	6=1D8=1X1=1I3=	*	0	0	TCGACGACCTCGGAATCGGG	FFFFFFFFFFFFFFFFFFFF	NH:i:1	HI:i:1	IH:i:1	NM:i:3
A00783:1432:HMNG7DRX3:2:2245:31114:34867 1:N:0:CCGTGAGA	0	D10037_T73	96	37	6=1D8=1X1=1I3=	*	0	0	TCGACGACCTCGGAATCGGG	FFFFFFFFFFFFFFFFFFFF	NH:i:1	HI:i:1	IH:i:1	NM:i:3
A00783:1432:HMNG7DRX3:2:2259:13937:30452 1:N:0:CCGTGAGA	0	D10037_T73	96	37	6=1D8=1X1=1I3=	*	0	0	TCGACGACCTCGGAATCGGG	FFFFFFFFFFFFFFFFFFFF	NH:i:1	HI:i:1	IH:i:1	NM:i:3
A00783:1432:HMNG7DRX3:2:2270:4255:14716 1:N:0:CCGTGAGA	0	D10037_T73	96	37	6=1D8=1X1=1I3=	*	0	0	TCGACGACCTCGGAATCGGG	FFFFFFFFFFFFFFFFFFFF	NH:i:1	HI:i:1	IH:i:1	NM:i:3
A00783:1432:HMNG7DRX3:2:2270:3974:15765 1:N:0:CCGTGAGA	0	D10037_T73	96	37	6=1D8=1X1=1I3=	*	0	0	TCGACGACCTCGGAATCGGG	FFFFFFFFFFFFFFFFFFFF	NH:i:1	HI:i:1	IH:i:1	NM:i:3
A00783:1432:HMNG7DRX3:2:2276:27199:2190 1:N:0:CCGTGAGA	0	D10037_T73	96	37	6=1D8=1X1=1I3=	*	0	0	TCGACGACCTCGGAATCGGG	FFFFFFFFFFFFFFFFFFFF	NH:i:1	HI:i:1	IH:i:1	NM:i:3
A00783:1432:HMNG7DRX3:2:2232:1597:10457 1:N:0:CCGTGAGA	0	D10037_T73	11	0	10=1D1=1X1=1X6=	*	0	0	ATGGAGAATTCTTGGAGGGG	FFFFFFFFFFFFFFFFFFFF	NH:i:2	HI:i:1	IH:i:2	NM:i:3
A00783:1432:HMNG7DRX3:2:2268:32127:8625 1:N:0:CCGTGAGA	0	D10037_T73	11	0	10=1D1=1X1=1X6=	*	0	0	ATGGAGAATTCTTGGAGGGG	FFFFFFFFFFFFFFFFFFFF	NH:i:2	HI:i:1	IH:i:2	NM:i:3
A00783:1432:HMNG7DRX3:2:2232:1597:10457 1:N:0:CCGTGAGA	256	Ysat	11	0	10=1D1=1X1=1X6=	*	0	0	ATGGAGAATTCTTGGAGGGG	FFFFFFFFFFFFFFFFFFFF	NH:i:2	HI:i:2	IH:i:2	NM:i:3
A00783:1432:HMNG7DRX3:2:2268:32127:8625 1:N:0:CCGTGAGA	256	Ysat	11	0	10=1D1=1X1=1X6=	*	0	0	ATGGAGAATTCTTGGAGGGG	FFFFFFFFFFFFFFFFFFFF	NH:i:2	HI:i:2	IH:i:2	NM:i:3
A00783:1432:HMNG7DRX3:2:2105:23891:9956 1:N:0:CCGTGAGA	0	Ysat	110	37	4=1I6=1D6=1X2=	*	0	0	TGGACGGCGGGTGTCTGTGG	FFFFFFFFFFFFFFFFFFFF	NH:i:1	HI:i:1	IH:i:1	NM:i:3
A00783:1432:HMNG7DRX3:2:2156:20618:4288 1:N:0:CCGTGAGA	16	D10037_T73	318	37	5=1D7=1X3=1I6=	*	0	0	CATTCTCTACAGAACCACGTTTT	FFFFFFFFFFFFFFFFFFFFFFF	NH:i:1	HI:i:1	IH:i:1	NM:i:3
A00783:1432:HMNG7DRX3:2:2222:24578:5259 1:N:0:CCGTGAGA	16	D10037_T73	318	37	5=1D7=1X3=1I6=	*	0	0	CATTCTCTACAGAACCACGTTTT	FFFFFFFFFFFFFFFFFFFFFFF	NH:i:1	HI:i:1	IH:i:1	NM:i:3
A00783:1432:HMNG7DRX3:2:2222:26422:6198 1:N:0:CCGTGAGA	16	D10037_T73	318	37	5=1D7=1X3=1I6=	*	0	0	CATTCTCTACAGAACCACGTTTT	FFFFFFFFFFFFFFFFFFFFFFF	NH:i:1	HI:i:1	IH:i:1	NM:i:3
A00783:1432:HMNG7DRX3:2:2160:17318:28228 1:N:0:CCGTGAGA	272	D10037_T73	0	0	6=1X2=1I3=1X6=	*	0	0	CATTCCACTTACAAGACCCG	FFFFFFF,FFFFFFFFFFFF	NH:i:2	HI:i:2	IH:i:2	NM:i:3
A00783:1432:HMNG7DRX3:2:2160:17318:28228 1:N:0:CCGTGAGA	16	D10037_T73	318	0	6=1X2=1I3=1X6=	*	0	0	CATTCCACTTACAAGACCCG	FFFFFFF,FFFFFFFFFFFF	NH:i:2	HI:i:1	IH:i:2	NM:i:3
A00783:1432:HMNG7DRX3:2:2133:6605:17942 1:N:0:CCGTGAGA	0	D10037_T73	280	40	32=	*	0	0	TAAGACTTATGTTATGCTGATCTCCGTGAATG	FFFFFFFFFFFFFFFFFFFFFFFFFFFFFFFF	NH:i:1	HI:i:1	IH:i:1	NM:i:0
A00783:1432:HMNG7DRX3:2:2102:31232:24643 1:N:0:CCGTGAGA	0	Ysat	110	37	4=1I6=1D7=1D4=	*	0	0	TGGACGGCGGGTGTCTGCGGTG	FFFFFFFFFFFFFFFFFFFFFF	NH:i:1	HI:i:1	IH:i:1	NM:i:3
A00783:1432:HMNG7DRX3:2:2106:7419:27680 1:N:0:CCGTGAGA	0	Ysat	110	37	4=1I6=1D7=1D4=	*	0	0	TGGACGGCGGGTGTCTGCGGTG	FFFFFFFFFFFFFFFFFFFFFF	NH:i:1	HI:i:1	IH:i:1	NM:i:3
A00783:1432:HMNG7DRX3:2:2131:23466:26725 1:N:0:CCGTGAGA	0	Ysat	110	37	4=1I6=1D7=1D4=	*	0	0	TGGACGGCGGGTGTCTGCGGTG	FFFFFFFFFFFFFFFFFFFFFF	NH:i:1	HI:i:1	IH:i:1	NM:i:3
A00783:1432:HMNG7DRX3:2:2148:30029:30295 1:N:0:CCGTGAGA	0	Ysat	110	37	4=1I6=1D7=1D4=	*	0	0	TGGACGGCGGGTGTCTGCGGTG	FFFFFFFFFFFFFFFFFFFFFF	NH:i:1	HI:i:1	IH:i:1	NM:i:3
A00783:1432:HMNG7DRX3:2:2202:26431:30608 1:N:0:CCGTGAGA	0	Ysat	110	37	4=1I6=1D7=1D4=	*	0	0	TGGACGGCGGGTGTCTGCGGTG	FFFFFFFFFFFFFFFFFFFFFF	NH:i:1	HI:i:1	IH:i:1	NM:i:3
A00783:1432:HMNG7DRX3:2:2204:32669:10661 1:N:0:CCGTGAGA	0	Ysat	110	37	4=1I6=1D7=1D4=	*	0	0	TGGACGGCGGGTGTCTGCGGTG	FFFFFFFFFFFFFFFFFFFFFF	NH:i:1	HI:i:1	IH:i:1	NM:i:3
A00783:1432:HMNG7DRX3:2:2206:28583:3333 1:N:0:CCGTGAGA	0	Ysat	110	37	4=1I6=1D7=1D4=	*	0	0	TGGACGGCGGGTGTCTGCGGTG	FFFFFFFFFFFFFFFFFFFFFF	NH:i:1	HI:i:1	IH:i:1	NM:i:3
A00783:1432:HMNG7DRX3:2:2250:14995:4163 1:N:0:CCGTGAGA	0	Ysat	110	37	4=1I6=1D7=1D4=	*	0	0	TGGACGGCGGGTGTCTGCGGTG	FFFFFFFFFFFFFFFFFFFFFF	NH:i:1	HI:i:1	IH:i:1	NM:i:3
A00783:1432:HMNG7DRX3:2:2255:6813:24909 1:N:0:CCGTGAGA	0	Ysat	110	37	4=1I6=1D7=1D4=	*	0	0	TGGACGGCGGGTGTCTGCGGTG	FFFFFFFFFFFFFFFFFFFFFF	NH:i:1	HI:i:1	IH:i:1	NM:i:3
A00783:1432:HMNG7DRX3:2:2264:25861:7733 1:N:0:CCGTGAGA	0	Ysat	110	37	4=1I6=1D7=1D4=	*	0	0	TGGACGGCGGGTGTCTGCGGTG	FFFFFFFFFFFFFFFFFFFFFF	NH:i:1	HI:i:1	IH:i:1	NM:i:3
A00783:1432:HMNG7DRX3:2:2244:16071:32988 1:N:0:CCGTGAGA	0	D10037_T73	3	0	9=1X1=1I4=1X3=	*	0	0	TTTGTTTGAGGTGAGATTTG	FFFFFFFFFFFFFFFFFFFF	NH:i:2	HI:i:1	IH:i:2	NM:i:3
A00783:1432:HMNG7DRX3:2:2249:1325:4758 1:N:0:CCGTGAGA	0	D10037_T73	3	0	9=1X1=1I4=1X3=	*	0	0	TTTGTTTGAGGTGAGATTTG	FFFFFFFFFFFFFFFFFFFF	NH:i:2	HI:i:1	IH:i:2	NM:i:3
A00783:1432:HMNG7DRX3:2:2249:1958:5603 1:N:0:CCGTGAGA	0	D10037_T73	3	0	9=1X1=1I4=1X3=	*	0	0	TTTGTTTGAGGTGAGATTTG	FFFFFFFFFFFFFFFFFFFF	NH:i:2	HI:i:1	IH:i:2	NM:i:3
A00783:1432:HMNG7DRX3:2:2244:16071:32988 1:N:0:CCGTGAGA	256	Ysat	3	0	9=1X1=1I4=1X3=	*	0	0	TTTGTTTGAGGTGAGATTTG	FFFFFFFFFFFFFFFFFFFF	NH:i:2	HI:i:2	IH:i:2	NM:i:3
A00783:1432:HMNG7DRX3:2:2249:1325:4758 1:N:0:CCGTGAGA	256	Ysat	3	0	9=1X1=1I4=1X3=	*	0	0	TTTGTTTGAGGTGAGATTTG	FFFFFFFFFFFFFFFFFFFF	NH:i:2	HI:i:2	IH:i:2	NM:i:3
A00783:1432:HMNG7DRX3:2:2249:1958:5603 1:N:0:CCGTGAGA	256	Ysat	3	0	9=1X1=1I4=1X3=	*	0	0	TTTGTTTGAGGTGAGATTTG	FFFFFFFFFFFFFFFFFFFF	NH:i:2	HI:i:2	IH:i:2	NM:i:3
A00783:1432:HMNG7DRX3:2:2139:26530:22764 1:N:0:CCGTGAGA	0	Ysat	193	37	5=1I8=1X3=1X2=	*	0	0	TTCTCAATTTGAGCGCCCCCT	FFF:FF:F:,,,,:F,::F:F	NH:i:1	HI:i:1	IH:i:1	NM:i:3
A00783:1432:HMNG7DRX3:2:2155:18249:3129 1:N:0:CCGTGAGA	0	Ysat	180	37	10=1X1=1I6=1I	*	0	0	TTCAGCTCTGAAGTTTCTCT	FFFFFFFFFFFFFFFFFFFF	NH:i:1	HI:i:1	IH:i:1	NM:i:3
A00783:1432:HMNG7DRX3:2:2130:22046:21793 1:N:0:CCGTGAGA	0	D10037_T73	220	37	8=1I9=1I1=1X1=	*	0	0	TGGACTTCAGAAAGAAAAGAGT	FFFFFFFFFFFFFFFFFFFFFF	NH:i:1	HI:i:1	IH:i:1	NM:i:3
A00783:1432:HMNG7DRX3:2:2212:21016:12587 1:N:0:CCGTGAGA	0	D10037_T73	220	37	8=1I9=1I1=1X1=	*	0	0	TGGACTTCAGAAAGAAAAGAGT	FFFFFFFFFFFFFFFFFFFFFF	NH:i:1	HI:i:1	IH:i:1	NM:i:3
A00783:1432:HMNG7DRX3:2:2132:10257:4038 1:N:0:CCGTGAGA	16	D10037_T73	309	0	1=2I1=1X16=	*	0	0	ACCTTTCTATACATTCCTCTA	F,FFFFF:,FFFFFFF,,,,F	NH:i:2	HI:i:1	IH:i:2	NM:i:3
A00783:1432:HMNG7DRX3:2:2132:10257:4038 1:N:0:CCGTGAGA	272	Ysat	343	0	1=2I1=1X16=	*	0	0	ACCTTTCTATACATTCCTCTA	F,FFFFF:,FFFFFFF,,,,F	NH:i:2	HI:i:2	IH:i:2	NM:i:3
A00783:1432:HMNG7DRX3:2:2115:29478:1313 1:N:0:CCGTGAGA	0	Ysat	110	37	4=1I6=1D7=1D3=	*	0	0	TGGACGGCGGGTGTCTGCGGT	FFFFFFFFFFFFFFFFFFFFF	NH:i:1	HI:i:1	IH:i:1	NM:i:3
A00783:1432:HMNG7DRX3:2:2116:26775:24502 1:N:0:CCGTGAGA	0	Ysat	110	37	4=1I6=1D7=1D3=	*	0	0	TGGACGGCGGGTGTCTGCGGT	FFFFFFFFFFFFFFFFFFFFF	NH:i:1	HI:i:1	IH:i:1	NM:i:3
A00783:1432:HMNG7DRX3:2:2116:26729:25927 1:N:0:CCGTGAGA	0	Ysat	110	37	4=1I6=1D7=1D3=	*	0	0	TGGACGGCGGGTGTCTGCGGT	FFFFFFFFFFFFFFFFFFFFF	NH:i:1	HI:i:1	IH:i:1	NM:i:3
A00783:1432:HMNG7DRX3:2:2117:25762:35117 1:N:0:CCGTGAGA	0	Ysat	110	37	4=1I6=1D7=1D3=	*	0	0	TGGACGGCGGGTGTCTGCGGT	FFFFFFFFFFFFFFFFFFFFF	NH:i:1	HI:i:1	IH:i:1	NM:i:3
A00783:1432:HMNG7DRX3:2:2140:6253:19398 1:N:0:CCGTGAGA	0	Ysat	110	37	4=1I6=1D7=1D3=	*	0	0	TGGACGGCGGGTGTCTGCGGT	FFFFFFFFFFFFFFFFFFFFF	NH:i:1	HI:i:1	IH:i:1	NM:i:3
A00783:1432:HMNG7DRX3:2:2141:14091:4069 1:N:0:CCGTGAGA	0	Ysat	110	37	4=1I6=1D7=1D3=	*	0	0	TGGACGGCGGGTGTCTGCGGT	FFFFFFFFFFFFFFFFFFFFF	NH:i:1	HI:i:1	IH:i:1	NM:i:3
A00783:1432:HMNG7DRX3:2:2149:25310:34428 1:N:0:CCGTGAGA	0	Ysat	110	37	4=1I6=1D7=1D3=	*	0	0	TGGACGGCGGGTGTCTGCGGT	FFFFFFFFFFFFFFFFFFFFF	NH:i:1	HI:i:1	IH:i:1	NM:i:3
A00783:1432:HMNG7DRX3:2:2150:22779:2487 1:N:0:CCGTGAGA	0	Ysat	110	37	4=1I6=1D7=1D3=	*	0	0	TGGACGGCGGGTGTCTGCGGT	FFFFFFFFFFFFFFFFFFFFF	NH:i:1	HI:i:1	IH:i:1	NM:i:3
A00783:1432:HMNG7DRX3:2:2151:2853:12195 1:N:0:CCGTGAGA	0	Ysat	110	37	4=1I6=1D7=1D3=	*	0	0	TGGACGGCGGGTGTCTGCGGT	FFFFFFFFFFFFFFFFFFFFF	NH:i:1	HI:i:1	IH:i:1	NM:i:3
A00783:1432:HMNG7DRX3:2:2151:20627:27915 1:N:0:CCGTGAGA	0	Ysat	110	37	4=1I6=1D7=1D3=	*	0	0	TGGACGGCGGGTGTCTGCGGT	FFFFFFFFFFFFFFFFFFFFF	NH:i:1	HI:i:1	IH:i:1	NM:i:3
A00783:1432:HMNG7DRX3:2:2158:18593:6230 1:N:0:CCGTGAGA	0	Ysat	110	37	4=1I6=1D7=1D3=	*	0	0	TGGACGGCGGGTGTCTGCGGT	FFFFFFFFFFFFFFFFFFFFF	NH:i:1	HI:i:1	IH:i:1	NM:i:3
A00783:1432:HMNG7DRX3:2:2159:4978:30624 1:N:0:CCGTGAGA	0	Ysat	110	37	4=1I6=1D7=1D3=	*	0	0	TGGACGGCGGGTGTCTGCGGT	FFFFFFFFFFFFFFFFFFFFF	NH:i:1	HI:i:1	IH:i:1	NM:i:3
A00783:1432:HMNG7DRX3:2:2160:11089:11522 1:N:0:CCGTGAGA	0	Ysat	110	37	4=1I6=1D7=1D3=	*	0	0	TGGACGGCGGGTGTCTGCGGT	FFFFFFFFFFFFFFFFFFFFF	NH:i:1	HI:i:1	IH:i:1	NM:i:3
A00783:1432:HMNG7DRX3:2:2160:11089:12023 1:N:0:CCGTGAGA	0	Ysat	110	37	4=1I6=1D7=1D3=	*	0	0	TGGACGGCGGGTGTCTGCGGT	FFFFFFFFFFFFFFFFFFFFF	NH:i:1	HI:i:1	IH:i:1	NM:i:3
A00783:1432:HMNG7DRX3:2:2162:25654:10316 1:N:0:CCGTGAGA	0	Ysat	110	37	4=1I6=1D7=1D3=	*	0	0	TGGACGGCGGGTGTCTGCGGT	FFFFFFFFFFFFFFFFFFFFF	NH:i:1	HI:i:1	IH:i:1	NM:i:3
A00783:1432:HMNG7DRX3:2:2165:13015:15890 1:N:0:CCGTGAGA	0	Ysat	110	37	4=1I6=1D7=1D3=	*	0	0	TGGACGGCGGGTGTCTGCGGT	FFFFFFFFFFFFFFFFFFFFF	NH:i:1	HI:i:1	IH:i:1	NM:i:3
A00783:1432:HMNG7DRX3:2:2175:9688:16924 1:N:0:CCGTGAGA	0	Ysat	110	37	4=1I6=1D7=1D3=	*	0	0	TGGACGGCGGGTGTCTGCGGT	FFFFFFFFFFFFFFFFFFFFF	NH:i:1	HI:i:1	IH:i:1	NM:i:3
A00783:1432:HMNG7DRX3:2:2176:20347:36855 1:N:0:CCGTGAGA	0	Ysat	110	37	4=1I6=1D7=1D3=	*	0	0	TGGACGGCGGGTGTCTGCGGT	FFFFFFFFFFFFFFFFFFFFF	NH:i:1	HI:i:1	IH:i:1	NM:i:3
A00783:1432:HMNG7DRX3:2:2178:26756:34835 1:N:0:CCGTGAGA	0	Ysat	110	37	4=1I6=1D7=1D3=	*	0	0	TGGACGGCGGGTGTCTGCGGT	FFFFFFFFFFFFFFFFFFFFF	NH:i:1	HI:i:1	IH:i:1	NM:i:3
A00783:1432:HMNG7DRX3:2:2178:25834:35149 1:N:0:CCGTGAGA	0	Ysat	110	37	4=1I6=1D7=1D3=	*	0	0	TGGACGGCGGGTGTCTGCGGT	FFFFFFFFFFFFFFFFFFFFF	NH:i:1	HI:i:1	IH:i:1	NM:i:3
A00783:1432:HMNG7DRX3:2:2205:31693:23249 1:N:0:CCGTGAGA	0	Ysat	110	37	4=1I6=1D7=1D3=	*	0	0	TGGACGGCGGGTGTCTGCGGT	FFFFFFFFFFFFFFFFFFFFF	NH:i:1	HI:i:1	IH:i:1	NM:i:3
A00783:1432:HMNG7DRX3:2:2209:23258:2691 1:N:0:CCGTGAGA	0	Ysat	110	37	4=1I6=1D7=1D3=	*	0	0	TGGACGGCGGGTGTCTGCGGT	FFFFFFFFFFFFFFFFFFFFF	NH:i:1	HI:i:1	IH:i:1	NM:i:3
A00783:1432:HMNG7DRX3:2:2210:18023:25316 1:N:0:CCGTGAGA	0	Ysat	110	37	4=1I6=1D7=1D3=	*	0	0	TGGACGGCGGGTGTCTGCGGT	FFFFFFFFFFFFFFFFFFFFF	NH:i:1	HI:i:1	IH:i:1	NM:i:3
A00783:1432:HMNG7DRX3:2:2213:14479:1861 1:N:0:CCGTGAGA	0	Ysat	110	37	4=1I6=1D7=1D3=	*	0	0	TGGACGGCGGGTGTCTGCGGT	FFFFFFFFFFFFFFFFFFFFF	NH:i:1	HI:i:1	IH:i:1	NM:i:3
A00783:1432:HMNG7DRX3:2:2216:18584:3583 1:N:0:CCGTGAGA	0	Ysat	110	37	4=1I6=1D7=1D3=	*	0	0	TGGACGGCGGGTGTCTGCGGT	FFFFFFFFFFFFFFFFFFFFF	NH:i:1	HI:i:1	IH:i:1	NM:i:3
A00783:1432:HMNG7DRX3:2:2217:18059:27132 1:N:0:CCGTGAGA	0	Ysat	110	37	4=1I6=1D7=1D3=	*	0	0	TGGACGGCGGGTGTCTGCGGT	FFFFFFFFFFFFFFFFFFFFF	NH:i:1	HI:i:1	IH:i:1	NM:i:3
A00783:1432:HMNG7DRX3:2:2219:2654:11193 1:N:0:CCGTGAGA	0	Ysat	110	37	4=1I6=1D7=1D3=	*	0	0	TGGACGGCGGGTGTCTGCGGT	FFFFFFFFFFFFFFFFFFFFF	NH:i:1	HI:i:1	IH:i:1	NM:i:3
A00783:1432:HMNG7DRX3:2:2222:5547:24690 1:N:0:CCGTGAGA	0	Ysat	110	37	4=1I6=1D7=1D3=	*	0	0	TGGACGGCGGGTGTCTGCGGT	FFFFFFFFFFFFFFFFFFFFF	NH:i:1	HI:i:1	IH:i:1	NM:i:3
A00783:1432:HMNG7DRX3:2:2223:17427:23218 1:N:0:CCGTGAGA	0	Ysat	110	37	4=1I6=1D7=1D3=	*	0	0	TGGACGGCGGGTGTCTGCGGT	FFFFFFFFFFFFFFFFFFFFF	NH:i:1	HI:i:1	IH:i:1	NM:i:3
A00783:1432:HMNG7DRX3:2:2224:16577:22936 1:N:0:CCGTGAGA	0	Ysat	110	37	4=1I6=1D7=1D3=	*	0	0	TGGACGGCGGGTGTCTGCGGT	FFFFFFFFFFFFFFFFFFFFF	NH:i:1	HI:i:1	IH:i:1	NM:i:3
A00783:1432:HMNG7DRX3:2:2227:5900:30530 1:N:0:CCGTGAGA	0	Ysat	110	37	4=1I6=1D7=1D3=	*	0	0	TGGACGGCGGGTGTCTGCGGT	FFFFFFFFFFFFFFFFFFFFF	NH:i:1	HI:i:1	IH:i:1	NM:i:3
A00783:1432:HMNG7DRX3:2:2227:1759:35258 1:N:0:CCGTGAGA	0	Ysat	110	37	4=1I6=1D7=1D3=	*	0	0	TGGACGGCGGGTGTCTGCGGT	FFFFFFFFFFFFFFFFFFFFF	NH:i:1	HI:i:1	IH:i:1	NM:i:3
A00783:1432:HMNG7DRX3:2:2230:17815:30592 1:N:0:CCGTGAGA	0	Ysat	110	37	4=1I6=1D7=1D3=	*	0	0	TGGACGGCGGGTGTCTGCGGT	FFFFFFFFFFFFFFFFFFFFF	NH:i:1	HI:i:1	IH:i:1	NM:i:3
A00783:1432:HMNG7DRX3:2:2232:4788:13479 1:N:0:CCGTGAGA	0	Ysat	110	37	4=1I6=1D7=1D3=	*	0	0	TGGACGGCGGGTGTCTGCGGT	FFFFFFFFFFFFFFFFFFFFF	NH:i:1	HI:i:1	IH:i:1	NM:i:3
A00783:1432:HMNG7DRX3:2:2233:19180:1642 1:N:0:CCGTGAGA	0	Ysat	110	37	4=1I6=1D7=1D3=	*	0	0	TGGACGGCGGGTGTCTGCGGT	FFFFFFFFFFFFFFFFFFFFF	NH:i:1	HI:i:1	IH:i:1	NM:i:3
A00783:1432:HMNG7DRX3:2:2234:32172:4288 1:N:0:CCGTGAGA	0	Ysat	110	37	4=1I6=1D7=1D3=	*	0	0	TGGACGGCGGGTGTCTGCGGT	FFFFFFFFFFFFFFFFFFFFF	NH:i:1	HI:i:1	IH:i:1	NM:i:3
A00783:1432:HMNG7DRX3:2:2235:5593:11678 1:N:0:CCGTGAGA	0	Ysat	110	37	4=1I6=1D7=1D3=	*	0	0	TGGACGGCGGGTGTCTGCGGT	FFFFFFFFFFFFFFFFFFFFF	NH:i:1	HI:i:1	IH:i:1	NM:i:3
A00783:1432:HMNG7DRX3:2:2239:10556:14794 1:N:0:CCGTGAGA	0	Ysat	110	37	4=1I6=1D7=1D3=	*	0	0	TGGACGGCGGGTGTCTGCGGT	FFFFFFFFFFFFFFFFFFFFF	NH:i:1	HI:i:1	IH:i:1	NM:i:3
A00783:1432:HMNG7DRX3:2:2245:1895:29575 1:N:0:CCGTGAGA	0	Ysat	110	37	4=1I6=1D7=1D3=	*	0	0	TGGACGGCGGGTGTCTGCGGT	FFFFFFFFFFFFFFFFFFFFF	NH:i:1	HI:i:1	IH:i:1	NM:i:3
A00783:1432:HMNG7DRX3:2:2245:2591:31125 1:N:0:CCGTGAGA	0	Ysat	110	37	4=1I6=1D7=1D3=	*	0	0	TGGACGGCGGGTGTCTGCGGT	FFFFFFFFFFFFFFFFFFFFF	NH:i:1	HI:i:1	IH:i:1	NM:i:3
A00783:1432:HMNG7DRX3:2:2249:13639:30780 1:N:0:CCGTGAGA	0	Ysat	110	37	4=1I6=1D7=1D3=	*	0	0	TGGACGGCGGGTGTCTGCGGT	FFFFFFFFFFFFFFFFFFFFF	NH:i:1	HI:i:1	IH:i:1	NM:i:3
A00783:1432:HMNG7DRX3:2:2250:6605:10645 1:N:0:CCGTGAGA	0	Ysat	110	37	4=1I6=1D7=1D3=	*	0	0	TGGACGGCGGGTGTCTGCGGT	FFFFFFFFFFFFFFFFFFFFF	NH:i:1	HI:i:1	IH:i:1	NM:i:3
A00783:1432:HMNG7DRX3:2:2251:20057:31062 1:N:0:CCGTGAGA	0	Ysat	110	37	4=1I6=1D7=1D3=	*	0	0	TGGACGGCGGGTGTCTGCGGT	FFFFFFFFFFFFFFFFFFFFF	NH:i:1	HI:i:1	IH:i:1	NM:i:3
A00783:1432:HMNG7DRX3:2:2254:23909:28995 1:N:0:CCGTGAGA	0	Ysat	110	37	4=1I6=1D7=1D3=	*	0	0	TGGACGGCGGGTGTCTGCGGT	FFFFFFFFFFFFFFFFFFFFF	NH:i:1	HI:i:1	IH:i:1	NM:i:3
A00783:1432:HMNG7DRX3:2:2257:24514:28761 1:N:0:CCGTGAGA	0	Ysat	110	37	4=1I6=1D7=1D3=	*	0	0	TGGACGGCGGGTGTCTGCGGT	FFFFFFFFFFFFFFFFFFFFF	NH:i:1	HI:i:1	IH:i:1	NM:i:3
A00783:1432:HMNG7DRX3:2:2257:22444:36573 1:N:0:CCGTGAGA	0	Ysat	110	37	4=1I6=1D7=1D3=	*	0	0	TGGACGGCGGGTGTCTGCGGT	FFFFFFFFFFFFFFFFFFFFF	NH:i:1	HI:i:1	IH:i:1	NM:i:3
A00783:1432:HMNG7DRX3:2:2263:7889:35227 1:N:0:CCGTGAGA	0	Ysat	110	37	4=1I6=1D7=1D3=	*	0	0	TGGACGGCGGGTGTCTGCGGT	FFFFFFFFFFFFFFFFFFFFF	NH:i:1	HI:i:1	IH:i:1	NM:i:3
A00783:1432:HMNG7DRX3:2:2266:30228:29042 1:N:0:CCGTGAGA	0	Ysat	110	37	4=1I6=1D7=1D3=	*	0	0	TGGACGGCGGGTGTCTGCGGT	FFFFFFFFFFFFFFFFFFFFF	NH:i:1	HI:i:1	IH:i:1	NM:i:3
A00783:1432:HMNG7DRX3:2:2267:27109:7889 1:N:0:CCGTGAGA	0	Ysat	110	37	4=1I6=1D7=1D3=	*	0	0	TGGACGGCGGGTGTCTGCGGT	FFFFFFFFFFFFFFFFFFFFF	NH:i:1	HI:i:1	IH:i:1	NM:i:3
A00783:1432:HMNG7DRX3:2:2267:1443:36401 1:N:0:CCGTGAGA	0	Ysat	110	37	4=1I6=1D7=1D3=	*	0	0	TGGACGGCGGGTGTCTGCGGT	FFFFFFFFFFFFFFFFFFFFF	NH:i:1	HI:i:1	IH:i:1	NM:i:3
A00783:1432:HMNG7DRX3:2:2272:4490:29684 1:N:0:CCGTGAGA	0	Ysat	110	37	4=1I6=1D7=1D3=	*	0	0	TGGACGGCGGGTGTCTGCGGT	FFFFFFFFFFFFFFFFFFFFF	NH:i:1	HI:i:1	IH:i:1	NM:i:3
A00783:1432:HMNG7DRX3:2:2274:24523:9142 1:N:0:CCGTGAGA	0	Ysat	110	37	4=1I6=1D7=1D3=	*	0	0	TGGACGGCGGGTGTCTGCGGT	FFFFFFFFFFFFFFFFFFFFF	NH:i:1	HI:i:1	IH:i:1	NM:i:3
A00920:1416:HMMJJDRX3:2:2111:20401:16877 1:N:0:CCGTGAGA	0	Ysat	110	37	4=1I6=1D7=1D3=	*	0	0	TGGACGGCGGGTGTCTGCGGT	FFFFFFFFFFFFFFFFFFFFF	NH:i:1	HI:i:1	IH:i:1	NM:i:3
A00920:1416:HMMJJDRX3:2:2111:16667:18427 1:N:0:CCGTGAGA	0	Ysat	110	37	4=1I6=1D7=1D3=	*	0	0	TGGACGGCGGGTGTCTGCGGT	FFFFFFFFFFFFFFFFFFFFF	NH:i:1	HI:i:1	IH:i:1	NM:i:3
A00920:1416:HMMJJDRX3:2:2201:27706:30279 1:N:0:CCGTGAGA	0	Ysat	110	37	4=1I6=1D7=1D3=	*	0	0	TGGACGGCGGGTGTCTGCGGT	FFFFFFFFFFFFFFFFFFFFF	NH:i:1	HI:i:1	IH:i:1	NM:i:3
A00920:1416:HMMJJDRX3:2:2202:25283:5635 1:N:0:CCGTGAGA	0	Ysat	110	37	4=1I6=1D7=1D3=	*	0	0	TGGACGGCGGGTGTCTGCGGT	FFFFFFFFFFFFFFFFFFFFF	NH:i:1	HI:i:1	IH:i:1	NM:i:3
A00920:1416:HMMJJDRX3:2:2244:17128:31062 1:N:0:CCGTGAGA	0	Ysat	110	37	4=1I6=1D7=1D3=	*	0	0	TGGACGGCGGGTGTCTGCGGT	FFFFFFFFFFFFFFFFFFFFF	NH:i:1	HI:i:1	IH:i:1	NM:i:3
A00920:1416:HMMJJDRX3:2:2265:27100:5932 1:N:0:CCGTGAGA	0	Ysat	110	37	4=1I6=1D7=1D3=	*	0	0	TGGACGGCGGGTGTCTGCGGT	FFFFFFFFFFFFFFFFFFFFF	NH:i:1	HI:i:1	IH:i:1	NM:i:3
A00783:1432:HMNG7DRX3:2:2110:16297:11428 1:N:0:CCGTGAGA	272	D10037_T73	180	0	1=1X7=1D5=1X5=	*	0	0	AATTTGCTACAAAAGCCGGC	FFFFFFFFFFFFFFFFFFFF	NH:i:2	HI:i:2	IH:i:2	NM:i:3
A00783:1432:HMNG7DRX3:2:2110:16297:11428 1:N:0:CCGTGAGA	16	Ysat	214	0	1=1X7=1D5=1X5=	*	0	0	AATTTGCTACAAAAGCCGGC	FFFFFFFFFFFFFFFFFFFF	NH:i:2	HI:i:1	IH:i:2	NM:i:3
